StartDate,EndDate,Status,IPAddress,Progress,Duration (in seconds),Finished,RecordedDate,ResponseId,RecipientLastName,RecipientFirstName,RecipientEmail,ExternalReference,LocationLatitude,LocationLongitude,DistributionChannel,UserLanguage,Q1,Q2,Q3,Q4,Q5,Q6_1,Q6_2,Q6_3,Q6_4,Q6_5,Q6_6,Q6_7,Q6_8,Q6_9,Q6_10,Q6_11,Q6_12,Q6_13,Q6_14,Q6 (continued)_1,Q6 (continued)_2,Q6 (continued)_3,Q6 (continued)_4,Q6 (continued)_5,Q6 (continued)_6,Q6 (continued)_7,Q6 (continued)_8,Q6 (continued)_9,Q6 (continued)_10,Q6 (continued)_11,Q6 (continued)_12,Q6 (continued)_13,Q7_1,Q7_2,Q7_3,Q7_4,Q7_5,Q7_6,Q7_7,Q6 _1,Q6 _2,Q6 _3,Q8_1,Q8_2,Q8_3,Q8_4,Q8_5,Q8_6,Q8_7,Q8_8,Q8_9,Q8_10,Q8_11,Q8_12,Q8_13,Q8_14,Q8_15,Q8_16,Q8_17,Q8_18,Q8_19,Q8_20,Q8_21,Q8_22,Q8_23,Q8_24,Q9_1,Q9_2,Q9_3,Q9_4,Q9_5,Q9_6,Q9_7,Q9_8,Q9_9,Q9_10,Q9_11,Q9_12,Q9_13,Q9_14,Q9_15,Q9_16,Q9_17,Q9_18,Q9_19,Q9_20,Q9_21,Q9_22,Q9_23,Q9_24,Q10_1,Q10_2,Q10_3,Q10_4,Q10_5,Q10_6,Q10_7,Q10_8,Q10_9,Q10_10,Q10_11,Q10_12,SC0,SC1,SC2,SC3,SC4,SC5,SC6,SC7,SC8
Start Date,End Date,Response Type,IP Address,Progress,Duration (in seconds),Finished,Recorded Date,Response ID,Recipient Last Name,Recipient First Name,Recipient Email,External Data Reference,Location Latitude,Location Longitude,Distribution Channel,User Language,How old are you?,What is your gender?,What is your parents' martial status?,Which of the following best describes you?,Which of the following best describes you?,"In general, my parents... - are persons I can count on to provide emotional support when I feel troubled.","In general, my parents... - support my goals and interests.","In general, my parents... - live in a different world.","In general, my parents... - understand my problems and concerns.","In general, my parents... - respect my privacy.","In general, my parents... - restrict my freedom or independence.","In general, my parents... - are available to give me advice or guidance when I want it.","In general, my parents... - take my opinions seriously.","In general, my parents... - encourage me to make my own decisions.","In general, my parents... - are critical of what I can do.","In general, my parents... - impose their ideas and values on me.","In general, my parents... - have given me as much attention as I have wanted.","In general, my parents... - are persons to whom I can express differences of opinion on important matters.","In general, my parents... - have no idea what I am feeling or thinking.","In general, my parents... - have provided me with the freedom to experiment and learn things on my own.","In general, my parents... - are too busy or otherwise involved to help me.","In general, my parents... - have trust and confidence in me.","In general, my parents... - try to control my life.","In general, my parents... - protect me from danger and difficulty.","In general, my parents... - ignore what I have to say.","In general, my parents... - are sensitive to my feelings and needs.","In general, my parents... - are disappointed in me.","In general, my parents... - give me advice whether or not I want it.","In general, my parents... - respect my judgement and decisions, even if different from what they would want.","In general, my parents... - do things for me, which I could do for myself.","In general, my parents... - are persons whose expectations I feel obligated to meet.","In general, my parents... - treat me like a younger child.","When I have a serious problem or an important decision to make... - I look to my family for support, encouragement, and/or guidance.",When I have a serious problem or an important decision to make... - I know that my family will know what to do.,When I have a serious problem or an important decision to make... - I contact my family if I am not able to resolve the situation after talking it over with my friends.,When I have a serious problem or an important decision to make... - I think about how my family might respond and what they might say.,When I have a serious problem or an important decision to make... - I discuss the matter with a friend.,"When I have a serious problem or an important decision to make... - I seek help from a professional, such as a therapist, college counselor, or clergy.","When I have a serious problem or an important decision to make... - I work it out on my own, without help or discussion with others.",When I go to my parents for help... - I feel more confident in my ability to handle the problems on my own.,When I go to my parents for help... - I continue to feel unsure of myself.,When I go to my parents for help... - I feel that I would have obtained more understanding and comfort from a friend.,Please read each question and select the option that best describes your experience. - How well can you get professors to help you when you get stuck on schoolwork?,Please read each question and select the option that best describes your experience. - How well can you express your opinions when other people disagree with you?,Please read each question and select the option that best describes your experience. - How well do you succeed in cheering yourself up when an unpleasant event has happened?,Please read each question and select the option that best describes your experience. - How well can you study when there are other interesting things to do?,Please read each question and select the option that best describes your experience. - How well do you succeed in becoming calm again when you are very scared?,Please read each question and select the option that best describes your experience. - How well can you become friends with other people?,Please read each question and select the option that best describes your experience. - How well can you study a chapter for an exam?,Please read each question and select the option that best describes your experience. - How well can you have a chat with an unfamiliar person?,Please read each question and select the option that best describes your experience. - How well can you prevent nervousness?,Please read each question and select the option that best describes your experience. - How well do you succeed in finishing all your homework every day?,Please read each question and select the option that best describes your experience. - How well can you work in harmony with your peers?,Please read each question and select the option that best describes your experience. - How well can you control your feelings?,Please read each question and select the option that best describes your experience. - How well can you pay attention during class?,Please read each question and select the option that best describes your experience. - How well can you tell other people that they are doing something that you don't like?,Please read each question and select the option that best describes your experience. - How well can you give yourself a pep-talk when you feel low?,Please read each question and select the option that best describes your experience. - How well do you succeed in understanding all content in your classes?,Please read each question and select the option that best describes your experience. - How well can you tell a funny story to a group of people?,Please read each question and select the option that best describes your experience. - How well can you tell a friend that you don't feel well?,Please read each question and select the option that best describes your experience. - How well do you succeed in reaching your goals with schoolwork?,Please read each question and select the option that best describes your experience. - How well do you succeed in staying friends with other people?,Please read each question and select the option that best describes your experience. - How well do you succeed in suppressing unpleasant thoughts?,Please read each question and select the option that best describes your experience. - How well do you succeed in passing a test?,Please read each question and select the option that best describes your experience. - How well do you succeed in preventing quarrels with other people?,Please read each question and select the option that best describes your experience. - How well do you succeed in not worrying about things that might happen?,"Please read each statement and select the description which best describes how frequently you felt that way in the past seven days, including today. - I felt sad.","Please read each statement and select the description which best describes how frequently you felt that way in the past seven days, including today. - I felt that I had failed as a person.","Please read each statement and select the description which best describes how frequently you felt that way in the past seven days, including today. - I felt dissatisfied with my life.","Please read each statement and select the description which best describes how frequently you felt that way in the past seven days, including today. - I felt mentally alert.","Please read each statement and select the description which best describes how frequently you felt that way in the past seven days, including today. - I felt disappointed with myself.","Please read each statement and select the description which best describes how frequently you felt that way in the past seven days, including today. - I felt cheerful.","Please read each statement and select the description which best describes how frequently you felt that way in the past seven days, including today. - I felt that life wasn't worth living.","Please read each statement and select the description which best describes how frequently you felt that way in the past seven days, including today. - I felt satisfied with my life.","Please read each statement and select the description which best describes how frequently you felt that way in the past seven days, including today. - I felt healthy.","Please read each statement and select the description which best describes how frequently you felt that way in the past seven days, including today. - I felt like crying.","Please read each statement and select the description which best describes how frequently you felt that way in the past seven days, including today. - I felt that I had been successful.","Please read each statement and select the description which best describes how frequently you felt that way in the past seven days, including today. - I felt happy.","Please read each statement and select the description which best describes how frequently you felt that way in the past seven days, including today. - I felt that I couldn't make decisions.","Please read each statement and select the description which best describes how frequently you felt that way in the past seven days, including today. - I felt optimistic about the future.","Please read each statement and select the description which best describes how frequently you felt that way in the past seven days, including today. - I felt that life was rewarding.","Please read each statement and select the description which best describes how frequently you felt that way in the past seven days, including today. - I felt cheerless.","Please read each statement and select the description which best describes how frequently you felt that way in the past seven days, including today. - I felt that life had a purpose.","Please read each statement and select the description which best describes how frequently you felt that way in the past seven days, including today. - I felt too tired to do anything.","Please read each statement and select the description which best describes how frequently you felt that way in the past seven days, including today. - I felt pleased with the way I am.","Please read each statement and select the description which best describes how frequently you felt that way in the past seven days, including today. - I felt lethargic.","Please read each statement and select the description which best describes how frequently you felt that way in the past seven days, including today. - I found it easy to make decisions.","Please read each statement and select the description which best describes how frequently you felt that way in the past seven days, including today. - I felt that life was enjoyable.","Please read each statement and select the description which best describes how frequently you felt that way in the past seven days, including today. - I felt that life was meaningless.","Please read each statement and select the description which best describes how frequently you felt that way in the past seven days, including today. - I felt run down.","Please read each question and select the option that best describes your experience. - When I am with other people, I feel included.",Please read each question and select the option that best describes your experience. - I have close bonds with family and friends.,Please read each question and select the option that best describes your experience. - I feel like an outsider.,Please read each question and select the option that best describes your experience. - I feel as if people do not care about me.,Please read each question and select the option that best describes your experience. - I feel accepted by others.,"Please read each question and select the option that best describes your experience. - Because I do not belong, I feel distant during the holiday season.",Please read each question and select the option that best describes your experience. - I feel isolated from the rest of the world.,Please read each question and select the option that best describes your experience. - I have a sense of belonging.,"Please read each question and select the option that best describes your experience. - When I am with other people, I feel like a stranger.",Please read each question and select the option that best describes your experience. - I have a place at the table with others.,Please read each question and select the option that best describes your experience. - I feel connected with others.,Please read each question and select the option that best describes your experience. - Friends and family do not involve me in their plans.,self-efficacy,Depression-Happiness,belongingness,parental impact- available,parental impact- supportive,parental impact- understanding,parental impact- respectful,parental impact- restrictive,parental impact- guidance
"{""ImportId"":""startDate"",""timeZone"":""America/New_York""}","{""ImportId"":""endDate"",""timeZone"":""America/New_York""}","{""ImportId"":""status""}","{""ImportId"":""ipAddress""}","{""ImportId"":""progress""}","{""ImportId"":""duration""}","{""ImportId"":""finished""}","{""ImportId"":""recordedDate"",""timeZone"":""America/New_York""}","{""ImportId"":""_recordId""}","{""ImportId"":""recipientLastName""}","{""ImportId"":""recipientFirstName""}","{""ImportId"":""recipientEmail""}","{""ImportId"":""externalDataReference""}","{""ImportId"":""locationLatitude""}","{""ImportId"":""locationLongitude""}","{""ImportId"":""distributionChannel""}","{""ImportId"":""userLanguage""}","{""ImportId"":""QID5""}","{""ImportId"":""QID6""}","{""ImportId"":""QID7""}","{""ImportId"":""QID15""}","{""ImportId"":""QID16""}","{""ImportId"":""QID10_1""}","{""ImportId"":""QID10_2""}","{""ImportId"":""QID10_3""}","{""ImportId"":""QID10_4""}","{""ImportId"":""QID10_5""}","{""ImportId"":""QID10_6""}","{""ImportId"":""QID10_7""}","{""ImportId"":""QID10_8""}","{""ImportId"":""QID10_9""}","{""ImportId"":""QID10_10""}","{""ImportId"":""QID10_11""}","{""ImportId"":""QID10_12""}","{""ImportId"":""QID10_13""}","{""ImportId"":""QID10_14""}","{""ImportId"":""QID14_1""}","{""ImportId"":""QID14_2""}","{""ImportId"":""QID14_3""}","{""ImportId"":""QID14_4""}","{""ImportId"":""QID14_5""}","{""ImportId"":""QID14_6""}","{""ImportId"":""QID14_7""}","{""ImportId"":""QID14_8""}","{""ImportId"":""QID14_9""}","{""ImportId"":""QID14_10""}","{""ImportId"":""QID14_11""}","{""ImportId"":""QID14_12""}","{""ImportId"":""QID14_13""}","{""ImportId"":""QID12_1""}","{""ImportId"":""QID12_2""}","{""ImportId"":""QID12_3""}","{""ImportId"":""QID12_4""}","{""ImportId"":""QID12_5""}","{""ImportId"":""QID12_6""}","{""ImportId"":""QID12_7""}","{""ImportId"":""QID13_1""}","{""ImportId"":""QID13_2""}","{""ImportId"":""QID13_3""}","{""ImportId"":""QID4_1""}","{""ImportId"":""QID4_2""}","{""ImportId"":""QID4_3""}","{""ImportId"":""QID4_4""}","{""ImportId"":""QID4_5""}","{""ImportId"":""QID4_6""}","{""ImportId"":""QID4_7""}","{""ImportId"":""QID4_8""}","{""ImportId"":""QID4_9""}","{""ImportId"":""QID4_10""}","{""ImportId"":""QID4_11""}","{""ImportId"":""QID4_12""}","{""ImportId"":""QID4_13""}","{""ImportId"":""QID4_14""}","{""ImportId"":""QID4_15""}","{""ImportId"":""QID4_16""}","{""ImportId"":""QID4_17""}","{""ImportId"":""QID4_18""}","{""ImportId"":""QID4_19""}","{""ImportId"":""QID4_20""}","{""ImportId"":""QID4_21""}","{""ImportId"":""QID4_22""}","{""ImportId"":""QID4_23""}","{""ImportId"":""QID4_24""}","{""ImportId"":""QID9_1""}","{""ImportId"":""QID9_2""}","{""ImportId"":""QID9_3""}","{""ImportId"":""QID9_4""}","{""ImportId"":""QID9_5""}","{""ImportId"":""QID9_6""}","{""ImportId"":""QID9_7""}","{""ImportId"":""QID9_8""}","{""ImportId"":""QID9_9""}","{""ImportId"":""QID9_10""}","{""ImportId"":""QID9_11""}","{""ImportId"":""QID9_12""}","{""ImportId"":""QID9_13""}","{""ImportId"":""QID9_14""}","{""ImportId"":""QID9_15""}","{""ImportId"":""QID9_16""}","{""ImportId"":""QID9_17""}","{""ImportId"":""QID9_18""}","{""ImportId"":""QID9_19""}","{""ImportId"":""QID9_20""}","{""ImportId"":""QID9_21""}","{""ImportId"":""QID9_22""}","{""ImportId"":""QID9_23""}","{""ImportId"":""QID9_24""}","{""ImportId"":""QID11_1""}","{""ImportId"":""QID11_2""}","{""ImportId"":""QID11_3""}","{""ImportId"":""QID11_4""}","{""ImportId"":""QID11_5""}","{""ImportId"":""QID11_6""}","{""ImportId"":""QID11_7""}","{""ImportId"":""QID11_8""}","{""ImportId"":""QID11_9""}","{""ImportId"":""QID11_10""}","{""ImportId"":""QID11_11""}","{""ImportId"":""QID11_12""}","{""ImportId"":""SC_bwvVSjnWDL30Imy""}","{""ImportId"":""SC_3egO826ePuwp33U""}","{""ImportId"":""SC_9Gfkv884qAb1ehU""}","{""ImportId"":""SC_1Chb3UDIWCNTVC6""}","{""ImportId"":""SC_0c5DFgrb5BP1RFI""}","{""ImportId"":""SC_cTOi5aGSxa6gjJA""}","{""ImportId"":""SC_3kE27brgfFP9Qwu""}","{""ImportId"":""SC_0uYUP1FYL4g16wC""}","{""ImportId"":""SC_6XUSXw9Umhxuv54""}"
2022-10-11 15:20:04,2022-10-11 15:29:54,Survey Preview,,100,590,True,2022-10-11 15:29:55,R_2Tni8MI5564FoKe,,,,,34.5251,-82.6307,preview,EN,19,Female,Married,,,Very Much,Very Much,Somewhat,Very Much,Very Much,Not at All,Very Much,Very Much,Very Much,A Moderate Amount,A Moderate Amount,Very Much,Very Much,Somewhat,,,,,,,,,,,,,,Very Much,Very Much,Very Much,Very Much,Quite a Bit,Quite a Bit,A Moderate Amount,Very Much,Somewhat,Not at All,4 - Pretty well,3 - Neutral,4 - Pretty well,4 - Pretty well,3 - Neutral,4 - Pretty well,5 - Very well,3 - Neutral,3 - Neutral,5 - Very well,4 - Pretty well,4 - Pretty well,4 - Pretty well,3 - Neutral,4 - Pretty well,4 - Pretty well,3 - Neutral,3 - Neutral,5 - Very well,4 - Pretty well,2 - Not very well,5 - Very well,4 - Pretty well,2 - Not very well,Rarely,Rarely,Sometimes,Sometimes,Never,Sometimes,Never,Sometimes,Sometimes,Sometimes,Sometimes,Sometimes,Rarely,Rarely,Rarely,Never,Sometimes,Often,Sometimes,Sometimes,Rarely,Sometimes,Never,Sometimes,Agree,Strongly Agree,Neither Agree nor Disagree,Neither Agree nor Disagree,Agree,Disagree,Disagree,Agree,Disagree,Agree,Agree,Somewhat Agree,89,67,30,19,13,19,10,4,36
2022-10-11 15:32:25,2022-10-11 15:32:47,Survey Preview,,100,22,True,2022-10-11 15:32:48,R_1gObc5FubZhMMCM,,,,,34.5251,-82.6307,preview,EN,,,,,,,,,,,,,,,,,,,,,,,,,,,,,,,,,,,,,,,,,,,,,,,,,,,,,,,,,,,,,,,,,,,,,,,,,,,,,,,,,,,,,,,,,,,,,,,,,,,,,,,0,0,0,0,0,0,0,0,0
2022-10-11 15:33:32,2022-10-11 15:34:05,Survey Preview,,100,33,True,2022-10-11 15:34:06,R_afV6lSxzrbqUDBL,,,,,34.5251,-82.6307,preview,EN,,,,,,,,,,,,,,,,,,,,,,,,,,,,,,,,,,,,,,,,,,,,,,,,,,,,,,,,,,,,,,,,,,,,,,,,,,,,,,,,,,,,,,,,,,,,,,,,,,,,,,,0,0,0,0,0,0,0,0,0
2022-10-18 15:49:34,2022-10-18 15:55:04,IP Address,128.92.72.51,100,330,True,2022-10-18 15:55:05,R_xcqI9lbq8IpVnbP,,,,,34.5251,-82.6307,anonymous,EN,18,Female,Married,White,Non-Hispanic,Very Much,Very Much,Not at All,Quite a Bit,Very Much,Not at All,Very Much,Very Much,Very Much,Somewhat,A Moderate Amount,Quite a Bit,Quite a Bit,Not at All,Very Much,Not at All,Very Much,Not at All,Very Much,Not at All,Very Much,Not at All,Quite a Bit,Quite a Bit,A Moderate Amount,Quite a Bit,Not at All,Very Much,Very Much,Very Much,Very Much,Quite a Bit,Quite a Bit,Not at All,Very Much,Not at All,Not at All,4 - Pretty well,4 - Pretty well,4 - Pretty well,2 - Not very well,3 - Neutral,5 - Very well,2 - Not very well,5 - Very well,3 - Neutral,5 - Very well,5 - Very well,3 - Neutral,4 - Pretty well,4 - Pretty well,4 - Pretty well,4 - Pretty well,5 - Very well,5 - Very well,3 - Neutral,4 - Pretty well,4 - Pretty well,5 - Very well,5 - Very well,4 - Pretty well,Never,Never,Never,Sometimes,Never,Sometimes,Never,Sometimes,Rarely,Sometimes,Sometimes,Sometimes,Never,Often,Sometimes,Never,Often,Sometimes,Never,Never,Sometimes,Sometimes,Never,Sometimes,Strongly Agree,Strongly Agree,Disagree,Disagree,Agree,Disagree,Strongly Disagree,Agree,Strongly Disagree,Agree,Strongly Agree,Strongly Disagree,96,77,18,29,31,18,24,13,39
2022-10-18 15:49:40,2022-10-18 15:56:59,IP Address,128.92.72.101,100,439,True,2022-10-18 15:57:00,R_3rMch3Py3GIo1iS,,,,,34.5251,-82.6307,anonymous,EN,19,Male,Married,White,Non-Hispanic,Very Much,Very Much,Somewhat,Quite a Bit,Quite a Bit,A Moderate Amount,Very Much,Very Much,Quite a Bit,Quite a Bit,A Moderate Amount,Quite a Bit,Quite a Bit,Somewhat,Quite a Bit,Not at All,Quite a Bit,Somewhat,Quite a Bit,Not at All,Quite a Bit,Not at All,Quite a Bit,Quite a Bit,Quite a Bit,Very Much,Not at All,Quite a Bit,Quite a Bit,Quite a Bit,Quite a Bit,Somewhat,Not at All,Very Much,Very Much,Somewhat,Somewhat,2 - Not very well,4 - Pretty well,3 - Neutral,4 - Pretty well,5 - Very well,1 - Not at all,4 - Pretty well,4 - Pretty well,5 - Very well,4 - Pretty well,2 - Not very well,4 - Pretty well,4 - Pretty well,3 - Neutral,5 - Very well,5 - Very well,2 - Not very well,2 - Not very well,4 - Pretty well,4 - Pretty well,4 - Pretty well,4 - Pretty well,4 - Pretty well,4 - Pretty well,Often,Often,Sometimes,Often,Sometimes,Sometimes,Never,Sometimes,Often,Rarely,Sometimes,Rarely,Never,Sometimes,Sometimes,Sometimes,Often,Sometimes,Rarely,Never,Sometimes,Sometimes,Never,Often,Disagree,Agree,Somewhat Agree,Somewhat Agree,Neither Agree nor Disagree,Agree,Agree,Neither Agree nor Disagree,Somewhat Agree,Somewhat Agree,Somewhat Agree,Somewhat Disagree,87,67,52,27,25,16,23,18,35
2022-10-18 15:49:16,2022-10-18 15:58:36,IP Address,128.92.72.51,100,559,True,2022-10-18 15:58:37,R_SCQujDxB6Ilkxs5,,,,,34.5251,-82.6307,anonymous,EN,19,Male,Divorced,White,Non-Hispanic,Somewhat,A Moderate Amount,Quite a Bit,A Moderate Amount,A Moderate Amount,Somewhat,Quite a Bit,Quite a Bit,Quite a Bit,Quite a Bit,A Moderate Amount,Somewhat,Quite a Bit,A Moderate Amount,Quite a Bit,A Moderate Amount,Quite a Bit,A Moderate Amount,Somewhat,Somewhat,A Moderate Amount,A Moderate Amount,Quite a Bit,A Moderate Amount,Somewhat,A Moderate Amount,Somewhat,A Moderate Amount,Somewhat,Somewhat,A Moderate Amount,Quite a Bit,Quite a Bit,A Moderate Amount,Somewhat,A Moderate Amount,A Moderate Amount,4 - Pretty well,3 - Neutral,3 - Neutral,3 - Neutral,4 - Pretty well,4 - Pretty well,4 - Pretty well,4 - Pretty well,3 - Neutral,4 - Pretty well,4 - Pretty well,4 - Pretty well,3 - Neutral,2 - Not very well,3 - Neutral,4 - Pretty well,4 - Pretty well,4 - Pretty well,3 - Neutral,4 - Pretty well,4 - Pretty well,4 - Pretty well,3 - Neutral,3 - Neutral,Sometimes,Rarely,Rarely,Rarely,Sometimes,Rarely,Never,Rarely,Sometimes,Never,Rarely,Sometimes,Sometimes,Rarely,Sometimes,Rarely,Sometimes,Rarely,Rarely,Sometimes,Rarely,Rarely,Never,Rarely,Somewhat Agree,Somewhat Agree,Neither Agree nor Disagree,Somewhat Disagree,Somewhat Agree,Neither Agree nor Disagree,Somewhat Disagree,Agree,Neither Agree nor Disagree,Neither Agree nor Disagree,Somewhat Agree,Neither Agree nor Disagree,85,63,40,15,22,13,18,16,22
2022-10-18 15:49:43,2022-10-18 15:58:43,IP Address,128.92.72.51,100,539,True,2022-10-18 15:58:43,R_1o07RvpuJg9ttYW,,,,,34.5251,-82.6307,anonymous,EN,20,Female,Married,White,Non-Hispanic,Quite a Bit,Quite a Bit,Somewhat,Somewhat,Quite a Bit,Somewhat,Very Much,Quite a Bit,Quite a Bit,Somewhat,A Moderate Amount,Quite a Bit,Quite a Bit,Somewhat,Quite a Bit,Not at All,Quite a Bit,Somewhat,Quite a Bit,Somewhat,Quite a Bit,Not at All,Quite a Bit,A Moderate Amount,Somewhat,Somewhat,Not at All,Quite a Bit,Quite a Bit,Quite a Bit,Quite a Bit,Quite a Bit,Quite a Bit,Somewhat,Quite a Bit,Somewhat,Somewhat,4 - Pretty well,4 - Pretty well,3 - Neutral,2 - Not very well,2 - Not very well,3 - Neutral,4 - Pretty well,3 - Neutral,2 - Not very well,4 - Pretty well,4 - Pretty well,3 - Neutral,4 - Pretty well,4 - Pretty well,3 - Neutral,4 - Pretty well,4 - Pretty well,3 - Neutral,4 - Pretty well,4 - Pretty well,2 - Not very well,4 - Pretty well,4 - Pretty well,2 - Not very well,Sometimes,Rarely,Rarely,Sometimes,Rarely,Sometimes,Sometimes,Sometimes,Sometimes,Sometimes,Sometimes,Sometimes,Rarely,Sometimes,Sometimes,Rarely,Sometimes,Sometimes,Sometimes,Rarely,Sometimes,Sometimes,Rarely,Sometimes,Agree,Agree,Somewhat Disagree,Disagree,Agree,Disagree,Disagree,Agree,Disagree,Agree,Agree,Disagree,80,67,25,26,29,14,20,15,32
2022-11-02 09:03:00,2022-11-02 09:08:57,IP Address,128.92.72.51,100,356,True,2022-11-02 09:08:57,R_2CfZA2p2AbojdRc,,,,,34.5251,-82.6307,anonymous,EN,18,Male,Married,White,Non-Hispanic,A Moderate Amount,Quite a Bit,Somewhat,Somewhat,Somewhat,Somewhat,Quite a Bit,A Moderate Amount,Very Much,A Moderate Amount,Somewhat,Somewhat,Somewhat,Somewhat,Quite a Bit,Not at All,A Moderate Amount,Not at All,Quite a Bit,Somewhat,Somewhat,Not at All,Somewhat,A Moderate Amount,Somewhat,Quite a Bit,Not at All,A Moderate Amount,A Moderate Amount,Somewhat,Quite a Bit,Very Much,A Moderate Amount,Somewhat,Somewhat,Quite a Bit,A Moderate Amount,4 - Pretty well,4 - Pretty well,2 - Not very well,2 - Not very well,2 - Not very well,3 - Neutral,4 - Pretty well,2 - Not very well,1 - Not at all,4 - Pretty well,4 - Pretty well,3 - Neutral,4 - Pretty well,3 - Neutral,2 - Not very well,4 - Pretty well,5 - Very well,4 - Pretty well,4 - Pretty well,4 - Pretty well,2 - Not very well,3 - Neutral,3 - Neutral,2 - Not very well,Often,Often,Rarely,Rarely,Sometimes,Sometimes,Sometimes,Sometimes,Rarely,Often,Rarely,Sometimes,Sometimes,Sometimes,Sometimes,Often,Sometimes,Sometimes,Often,Sometimes,Sometimes,Sometimes,Sometimes,Sometimes,Somewhat Disagree,Agree,Somewhat Agree,Neither Agree nor Disagree,Somewhat Disagree,Somewhat Agree,Somewhat Agree,Neither Agree nor Disagree,Somewhat Agree,Neither Agree nor Disagree,Neither Agree nor Disagree,Somewhat Disagree,75,55,51,22,24,11,17,11,24
2022-11-02 09:02:17,2022-11-02 09:09:38,IP Address,128.92.72.51,100,441,True,2022-11-02 09:09:40,R_1Cl650ckfVw1q3L,,,,,34.5251,-82.6307,anonymous,EN,18,Female,Married,White,Non-Hispanic,Very Much,Quite a Bit,Not at All,Quite a Bit,Quite a Bit,Somewhat,Very Much,Quite a Bit,Quite a Bit,Somewhat,Somewhat,Somewhat,Very Much,Somewhat,A Moderate Amount,Not at All,A Moderate Amount,Not at All,Quite a Bit,Not at All,A Moderate Amount,Not at All,Somewhat,A Moderate Amount,Somewhat,Quite a Bit,Not at All,Very Much,Quite a Bit,Very Much,Very Much,Very Much,Not at All,A Moderate Amount,A Moderate Amount,Somewhat,Somewhat,3 - Neutral,5 - Very well,2 - Not very well,1 - Not at all,4 - Pretty well,5 - Very well,1 - Not at all,4 - Pretty well,4 - Pretty well,5 - Very well,4 - Pretty well,4 - Pretty well,4 - Pretty well,4 - Pretty well,3 - Neutral,5 - Very well,4 - Pretty well,2 - Not very well,5 - Very well,5 - Very well,3 - Neutral,5 - Very well,5 - Very well,2 - Not very well,Rarely,Never,Never,Often,Sometimes,Often,Never,Often,Often,Rarely,Often,Often,Rarely,Often,Often,Never,Often,Never,Often,Never,Sometimes,Often,Never,Never,Agree,Strongly Agree,Strongly Disagree,Strongly Disagree,Strongly Agree,Strongly Disagree,Strongly Disagree,Strongly Agree,Strongly Disagree,Strongly Agree,Strongly Agree,Strongly Disagree,89,90,13,26,25,17,21,12,35
2022-11-02 09:02:36,2022-11-02 09:10:14,IP Address,128.92.72.51,100,457,True,2022-11-02 09:10:14,R_1Kg1P9ufmTQDPjF,,,,,34.5251,-82.6307,anonymous,EN,20,Male,Divorced,Black or African American,Non-Hispanic,Somewhat,A Moderate Amount,Quite a Bit,Somewhat,A Moderate Amount,Somewhat,A Moderate Amount,Somewhat,A Moderate Amount,Quite a Bit,Somewhat,Somewhat,Somewhat,Quite a Bit,Somewhat,Somewhat,Quite a Bit,Somewhat,A Moderate Amount,Somewhat,Somewhat,Somewhat,Quite a Bit,Somewhat,Quite a Bit,Quite a Bit,Somewhat,Somewhat,Somewhat,Somewhat,Quite a Bit,Quite a Bit,Quite a Bit,A Moderate Amount,Somewhat,A Moderate Amount,Somewhat,5 - Very well,4 - Pretty well,3 - Neutral,2 - Not very well,4 - Pretty well,4 - Pretty well,4 - Pretty well,3 - Neutral,3 - Neutral,3 - Neutral,4 - Pretty well,4 - Pretty well,4 - Pretty well,4 - Pretty well,4 - Pretty well,3 - Neutral,4 - Pretty well,4 - Pretty well,3 - Neutral,4 - Pretty well,4 - Pretty well,4 - Pretty well,4 - Pretty well,3 - Neutral,Sometimes,Sometimes,Sometimes,Sometimes,Sometimes,Often,Rarely,Sometimes,Sometimes,Sometimes,Sometimes,Often,Rarely,Sometimes,Sometimes,Rarely,Sometimes,Sometimes,Sometimes,Sometimes,Sometimes,Sometimes,Sometimes,Sometimes,Agree,Agree,Somewhat Agree,Somewhat Agree,Agree,Agree,Somewhat Agree,Agree,Somewhat Agree,Agree,Agree,Somewhat Disagree,88,65,41,16,20,10,15,18,22
2022-11-02 09:02:37,2022-11-02 09:14:49,IP Address,128.92.72.51,100,731,True,2022-11-02 09:14:50,R_1IM0xRxEF9F2boQ,,,,,34.5251,-82.6307,anonymous,EN,20,Female,Married,White,Hispanic,A Moderate Amount,Quite a Bit,Somewhat,Somewhat,Quite a Bit,Not at All,A Moderate Amount,A Moderate Amount,Quite a Bit,Somewhat,Not at All,Somewhat,A Moderate Amount,Quite a Bit,A Moderate Amount,Not at All,Very Much,Somewhat,Quite a Bit,Not at All,A Moderate Amount,Not at All,Quite a Bit,A Moderate Amount,Somewhat,A Moderate Amount,Somewhat,Somewhat,Somewhat,Somewhat,Quite a Bit,Very Much,Not at All,Very Much,Somewhat,Somewhat,A Moderate Amount,4 - Pretty well,3 - Neutral,3 - Neutral,3 - Neutral,2 - Not very well,3 - Neutral,3 - Neutral,4 - Pretty well,2 - Not very well,5 - Very well,4 - Pretty well,2 - Not very well,3 - Neutral,2 - Not very well,3 - Neutral,3 - Neutral,4 - Pretty well,3 - Neutral,3 - Neutral,4 - Pretty well,5 - Very well,3 - Neutral,4 - Pretty well,3 - Neutral,Often,Rarely,Sometimes,Rarely,Rarely,Sometimes,Rarely,Sometimes,Sometimes,Often,Sometimes,Sometimes,Sometimes,Rarely,Rarely,Rarely,Rarely,Rarely,Rarely,Rarely,Never,Sometimes,Rarely,Sometimes,Somewhat Disagree,Somewhat Agree,Somewhat Agree,Neither Agree nor Disagree,Neither Agree nor Disagree,Disagree,Neither Agree nor Disagree,Neither Agree nor Disagree,Neither Agree nor Disagree,Neither Agree nor Disagree,Neither Agree nor Disagree,Agree,78,58,49,21,28,10,19,13,23
2022-11-02 09:22:00,2022-11-02 09:30:58,IP Address,128.92.72.101,100,537,True,2022-11-02 09:30:59,R_22shYFl2tlozVyb,,,,,34.5251,-82.6307,anonymous,EN,19,Male,Married,White,Non-Hispanic,Quite a Bit,Quite a Bit,Somewhat,A Moderate Amount,Very Much,Very Much,Quite a Bit,A Moderate Amount,A Moderate Amount,Quite a Bit,Very Much,Somewhat,Not at All,Somewhat,A Moderate Amount,Somewhat,Very Much,Not at All,Quite a Bit,Somewhat,A Moderate Amount,Not at All,Somewhat,Not at All,A Moderate Amount,Very Much,Somewhat,Somewhat,Somewhat,Not at All,A Moderate Amount,Quite a Bit,Not at All,A Moderate Amount,A Moderate Amount,Somewhat,A Moderate Amount,5 - Very well,2 - Not very well,3 - Neutral,2 - Not very well,4 - Pretty well,2 - Not very well,3 - Neutral,1 - Not at all,2 - Not very well,5 - Very well,4 - Pretty well,5 - Very well,5 - Very well,1 - Not at all,2 - Not very well,4 - Pretty well,2 - Not very well,3 - Neutral,4 - Pretty well,4 - Pretty well,4 - Pretty well,5 - Very well,4 - Pretty well,2 - Not very well,Sometimes,Often,Often,Sometimes,Often,Rarely,Rarely,Rarely,Sometimes,Often,Rarely,Rarely,Never,Never,Rarely,Often,Rarely,Sometimes,Rarely,Never,Sometimes,Rarely,Sometimes,Often,Somewhat Disagree,Disagree,Disagree,Somewhat Agree,Neither Agree nor Disagree,Neither Agree nor Disagree,Somewhat Disagree,Somewhat Disagree,Agree,Somewhat Agree,Disagree,Somewhat Agree,78,49,54,22,23,11,17,19,25
2022-11-02 09:22:15,2022-11-02 09:33:16,IP Address,128.92.72.51,100,660,True,2022-11-02 09:33:17,R_1DO2qv6qTJqfRXE,,,,,34.5251,-82.6307,anonymous,EN,19,Female,Married,White,Non-Hispanic,Very Much,Very Much,Not at All,Very Much,,A Moderate Amount,Very Much,Quite a Bit,Very Much,A Moderate Amount,A Moderate Amount,A Moderate Amount,Somewhat,Quite a Bit,Quite a Bit,Somewhat,Very Much,Not at All,Very Much,Quite a Bit,Quite a Bit,Not at All,Quite a Bit,Somewhat,Quite a Bit,Very Much,Not at All,Very Much,Very Much,Very Much,Quite a Bit,Somewhat,Not at All,Not at All,Quite a Bit,Somewhat,Somewhat,4 - Pretty well,2 - Not very well,1 - Not at all,1 - Not at all,2 - Not very well,5 - Very well,4 - Pretty well,5 - Very well,2 - Not very well,1 - Not at all,4 - Pretty well,2 - Not very well,1 - Not at all,2 - Not very well,1 - Not at all,2 - Not very well,2 - Not very well,4 - Pretty well,3 - Neutral,4 - Pretty well,2 - Not very well,3 - Neutral,3 - Neutral,2 - Not very well,Often,Sometimes,Often,Rarely,Often,Sometimes,Rarely,Sometimes,Never,Sometimes,Rarely,Rarely,Rarely,Rarely,Sometimes,Sometimes,Often,Often,Rarely,Sometimes,Never,Sometimes,Rarely,Often,Somewhat Agree,Strongly Agree,Disagree,Neither Agree nor Disagree,Somewhat Agree,Disagree,Somewhat Agree,Agree,Somewhat Disagree,Somewhat Agree,Agree,Strongly Disagree,62,50,31,27,28,13,13,17,41
2022-11-02 09:26:02,2022-11-02 09:33:59,IP Address,128.92.72.51,100,477,True,2022-11-02 09:34:00,R_21I0TvYTcmUTUyA,,,,,34.5251,-82.6307,anonymous,EN,20,Male,Married,White,Non-Hispanic,Very Much,Very Much,Somewhat,Quite a Bit,Quite a Bit,Not at All,Quite a Bit,Quite a Bit,Very Much,A Moderate Amount,Somewhat,Quite a Bit,Quite a Bit,Not at All,Quite a Bit,Not at All,Very Much,Not at All,A Moderate Amount,Not at All,Quite a Bit,Not at All,Quite a Bit,Quite a Bit,A Moderate Amount,Quite a Bit,Not at All,Very Much,Quite a Bit,Very Much,Very Much,A Moderate Amount,Somewhat,Quite a Bit,Quite a Bit,Not at All,Not at All,3 - Neutral,4 - Pretty well,4 - Pretty well,2 - Not very well,5 - Very well,3 - Neutral,3 - Neutral,3 - Neutral,4 - Pretty well,4 - Pretty well,4 - Pretty well,5 - Very well,3 - Neutral,4 - Pretty well,4 - Pretty well,4 - Pretty well,4 - Pretty well,2 - Not very well,4 - Pretty well,4 - Pretty well,5 - Very well,3 - Neutral,4 - Pretty well,4 - Pretty well,Never,Never,Never,Rarely,Never,Often,Never,Sometimes,Often,Never,Often,Often,Never,Often,Often,Never,Often,Never,Sometimes,Rarely,Sometimes,Often,Never,Rarely,Agree,Strongly Agree,Disagree,Disagree,Agree,Disagree,Strongly Disagree,Strongly Agree,Disagree,Strongly Agree,Strongly Agree,Disagree,89,89,19,25,29,18,22,13,37
2022-11-02 09:58:15,2022-11-02 10:05:46,IP Address,128.92.72.51,100,451,True,2022-11-02 10:05:48,R_28Nb6vXJMjelXPy,,,,,34.5251,-82.6307,anonymous,EN,19,Female,Married,Black or African American,,Very Much,Very Much,Not at All,Very Much,Somewhat,Somewhat,Somewhat,Quite a Bit,A Moderate Amount,A Moderate Amount,A Moderate Amount,Quite a Bit,A Moderate Amount,Somewhat,A Moderate Amount,Somewhat,Very Much,Somewhat,Very Much,Not at All,Somewhat,Not at All,Quite a Bit,Quite a Bit,A Moderate Amount,A Moderate Amount,Somewhat,Quite a Bit,Quite a Bit,Quite a Bit,Quite a Bit,A Moderate Amount,Not at All,A Moderate Amount,A Moderate Amount,Somewhat,Somewhat,3 - Neutral,4 - Pretty well,4 - Pretty well,3 - Neutral,3 - Neutral,2 - Not very well,2 - Not very well,2 - Not very well,2 - Not very well,2 - Not very well,2 - Not very well,3 - Neutral,3 - Neutral,2 - Not very well,3 - Neutral,3 - Neutral,4 - Pretty well,3 - Neutral,3 - Neutral,3 - Neutral,3 - Neutral,3 - Neutral,3 - Neutral,3 - Neutral,Sometimes,Rarely,Never,Sometimes,Never,Sometimes,Never,Sometimes,Never,Rarely,Sometimes,Sometimes,Sometimes,Sometimes,Rarely,Sometimes,Sometimes,Sometimes,Sometimes,Never,Sometimes,Sometimes,Never,Often,Strongly Disagree,Somewhat Agree,Somewhat Agree,Neither Agree nor Disagree,Somewhat Agree,Somewhat Agree,Strongly Agree,Neither Agree nor Disagree,Strongly Agree,Somewhat Disagree,Somewhat Disagree,Neither Agree nor Disagree,68,68,59,25,26,16,19,17,34
2022-11-02 09:58:37,2022-11-02 10:06:02,IP Address,128.92.72.51,100,445,True,2022-11-02 10:06:03,R_tDTIDegviWp1sUV,,,,,34.5251,-82.6307,anonymous,EN,18,Male,Married,White,Non-Hispanic,Very Much,Very Much,Not at All,Very Much,Very Much,Not at All,Very Much,Very Much,Quite a Bit,Very Much,Quite a Bit,Very Much,Very Much,Somewhat,A Moderate Amount,Not at All,Very Much,Not at All,Very Much,Not at All,Very Much,Not at All,Very Much,Very Much,Very Much,Quite a Bit,Not at All,Very Much,Very Much,Very Much,Very Much,Not at All,Not at All,Not at All,Very Much,Not at All,Not at All,5 - Very well,5 - Very well,5 - Very well,2 - Not very well,3 - Neutral,5 - Very well,4 - Pretty well,3 - Neutral,3 - Neutral,4 - Pretty well,5 - Very well,4 - Pretty well,4 - Pretty well,3 - Neutral,4 - Pretty well,4 - Pretty well,5 - Very well,5 - Very well,4 - Pretty well,5 - Very well,,4 - Pretty well,4 - Pretty well,5 - Very well,Rarely,Never,Never,Never,Never,Often,Never,Sometimes,Often,Rarely,Often,Often,Rarely,Sometimes,Often,Never,Often,Rarely,Often,Never,Rarely,Often,Never,Never,Agree,Strongly Agree,Neither Agree nor Disagree,Disagree,Agree,Strongly Disagree,Strongly Disagree,Strongly Agree,Strongly Disagree,Strongly Agree,Strongly Agree,Disagree,95,85,19,30,27,19,25,19,45
2022-11-02 09:57:56,2022-11-02 10:07:10,IP Address,128.92.72.51,100,553,True,2022-11-02 10:07:10,R_1Cga2ZPZbMXPZfR,,,,,34.5251,-82.6307,anonymous,EN,18,Female,Married,White,Non-Hispanic,Quite a Bit,A Moderate Amount,Somewhat,A Moderate Amount,Very Much,Not at All,Quite a Bit,Quite a Bit,Very Much,Not at All,A Moderate Amount,Somewhat,Somewhat,Somewhat,Quite a Bit,Not at All,Very Much,Not at All,A Moderate Amount,Not at All,Quite a Bit,Not at All,A Moderate Amount,Quite a Bit,Very Much,Somewhat,Somewhat,Very Much,Quite a Bit,Very Much,Quite a Bit,Somewhat,,Somewhat,Quite a Bit,Somewhat,Not at All,1 - Not at all,2 - Not very well,4 - Pretty well,1 - Not at all,3 - Neutral,4 - Pretty well,1 - Not at all,4 - Pretty well,1 - Not at all,2 - Not very well,5 - Very well,2 - Not very well,4 - Pretty well,1 - Not at all,4 - Pretty well,3 - Neutral,4 - Pretty well,4 - Pretty well,2 - Not very well,4 - Pretty well,2 - Not very well,4 - Pretty well,5 - Very well,1 - Not at all,Often,Sometimes,Sometimes,Sometimes,Sometimes,Often,Sometimes,Rarely,Sometimes,Often,Rarely,Often,Often,Often,Never,Sometimes,Never,Often,Rarely,Often,Never,Sometimes,Sometimes,Often,Agree,Agree,Somewhat Agree,Somewhat Agree,Somewhat Agree,Strongly Disagree,Somewhat Agree,Neither Agree nor Disagree,Somewhat Disagree,Somewhat Disagree,Agree,Strongly Disagree,68,48,38,22,31,14,22,15,34
2022-11-02 10:23:53,2022-11-02 10:32:06,IP Address,174.203.214.43,100,493,True,2022-11-02 10:32:07,R_3hrlIACkBSkx6jI,,,,,35.1712,-80.7939,anonymous,EN,19,Female,Never married,White,Non-Hispanic,A Moderate Amount,Somewhat,Somewhat,Somewhat,A Moderate Amount,Not at All,Very Much,A Moderate Amount,A Moderate Amount,Somewhat,Quite a Bit,A Moderate Amount,Very Much,A Moderate Amount,Very Much,Somewhat,Very Much,Not at All,Very Much,A Moderate Amount,A Moderate Amount,Not at All,Very Much,A Moderate Amount,Quite a Bit,A Moderate Amount,Not at All,Very Much,A Moderate Amount,Very Much,Quite a Bit,Very Much,Not at All,A Moderate Amount,Quite a Bit,Somewhat,A Moderate Amount,3 - Neutral,4 - Pretty well,2 - Not very well,1 - Not at all,1 - Not at all,2 - Not very well,3 - Neutral,3 - Neutral,1 - Not at all,3 - Neutral,2 - Not very well,4 - Pretty well,4 - Pretty well,2 - Not very well,2 - Not very well,2 - Not very well,1 - Not at all,5 - Very well,4 - Pretty well,5 - Very well,2 - Not very well,3 - Neutral,2 - Not very well,1 - Not at all,Often,Often,Often,Often,Often,Rarely,Sometimes,Rarely,Often,Often,Rarely,Rarely,Rarely,Sometimes,Sometimes,Often,Sometimes,Often,Sometimes,Sometimes,Never,Sometimes,Never,Often,Strongly Agree,Agree,Neither Agree nor Disagree,Disagree,Strongly Agree,Neither Agree nor Disagree,Neither Agree nor Disagree,Strongly Agree,Strongly Disagree,Strongly Agree,Agree,Strongly Disagree,62,51,24,24,25,13,17,16,34
2022-11-02 10:26:44,2022-11-02 10:36:13,IP Address,128.92.72.51,100,568,True,2022-11-02 10:36:13,R_3PgUJdAjhX4UGAJ,,,,,34.5251,-82.6307,anonymous,EN,18,Female,Married,White,Non-Hispanic,A Moderate Amount,A Moderate Amount,Not at All,Somewhat,Quite a Bit,Somewhat,Somewhat,A Moderate Amount,Quite a Bit,Not at All,Somewhat,A Moderate Amount,Quite a Bit,Not at All,A Moderate Amount,Somewhat,A Moderate Amount,Somewhat,Very Much,Not at All,A Moderate Amount,Not at All,A Moderate Amount,A Moderate Amount,Not at All,Not at All,Not at All,Somewhat,Somewhat,A Moderate Amount,A Moderate Amount,Quite a Bit,Not at All,A Moderate Amount,A Moderate Amount,Not at All,A Moderate Amount,4 - Pretty well,4 - Pretty well,4 - Pretty well,3 - Neutral,3 - Neutral,5 - Very well,3 - Neutral,5 - Very well,3 - Neutral,5 - Very well,5 - Very well,5 - Very well,5 - Very well,3 - Neutral,3 - Neutral,4 - Pretty well,4 - Pretty well,4 - Pretty well,5 - Very well,5 - Very well,3 - Neutral,3 - Neutral,5 - Very well,3 - Neutral,Rarely,Rarely,Never,Never,Rarely,Often,Never,Often,Often,Rarely,Often,Often,Rarely,Rarely,Often,Rarely,Often,Rarely,Often,Never,Often,Often,Never,Rarely,Agree,Strongly Agree,Strongly Disagree,Strongly Disagree,Agree,Strongly Disagree,Strongly Disagree,Strongly Agree,Strongly Disagree,Strongly Agree,Strongly Agree,Strongly Disagree,96,83,14,22,28,14,20,13,28
2022-11-02 10:28:37,2022-11-02 10:37:31,IP Address,172.58.158.207,100,534,True,2022-11-02 10:37:32,R_3fpWGRnA5Kpqb8p,,,,,35.2316,-80.8428,anonymous,EN,18,Male,Married,White,Non-Hispanic,Quite a Bit,Very Much,Somewhat,Quite a Bit,A Moderate Amount,Somewhat,Quite a Bit,Quite a Bit,Quite a Bit,Quite a Bit,Somewhat,A Moderate Amount,Quite a Bit,Not at All,Quite a Bit,Somewhat,Quite a Bit,Somewhat,Quite a Bit,Somewhat,Quite a Bit,Not at All,A Moderate Amount,Quite a Bit,Somewhat,A Moderate Amount,Not at All,Quite a Bit,Quite a Bit,A Moderate Amount,A Moderate Amount,Very Much,Not at All,Somewhat,Quite a Bit,Not at All,Somewhat,4 - Pretty well,2 - Not very well,3 - Neutral,3 - Neutral,2 - Not very well,2 - Not very well,2 - Not very well,3 - Neutral,2 - Not very well,4 - Pretty well,3 - Neutral,4 - Pretty well,4 - Pretty well,4 - Pretty well,3 - Neutral,4 - Pretty well,5 - Very well,4 - Pretty well,4 - Pretty well,3 - Neutral,4 - Pretty well,4 - Pretty well,3 - Neutral,3 - Neutral,Sometimes,Never,Never,Rarely,Sometimes,Sometimes,Never,Often,Often,Rarely,Sometimes,Sometimes,Rarely,Sometimes,Sometimes,Rarely,Often,Sometimes,Often,Rarely,Sometimes,Sometimes,Never,Rarely,Somewhat Agree,Somewhat Agree,Neither Agree nor Disagree,Neither Agree nor Disagree,Somewhat Agree,Somewhat Disagree,Disagree,Agree,Neither Agree nor Disagree,Somewhat Agree,Somewhat Agree,Neither Agree nor Disagree,79,76,38,23,27,17,20,13,33
2022-11-02 10:31:38,2022-11-02 10:41:23,IP Address,128.92.72.51,100,584,True,2022-11-02 10:41:24,R_1gjcG2Ztjto9cjl,,,,,34.5251,-82.6307,anonymous,EN,18,Female,Married,White,Non-Hispanic,Very Much,Very Much,Somewhat,Very Much,Quite a Bit,Somewhat,Very Much,Quite a Bit,Very Much,Somewhat,,A Moderate Amount,Quite a Bit,Not at All,Very Much,Not at All,Quite a Bit,Somewhat,Very Much,Somewhat,Quite a Bit,Not at All,Quite a Bit,Very Much,A Moderate Amount,Quite a Bit,Not at All,Very Much,Quite a Bit,Very Much,Very Much,Quite a Bit,Somewhat,A Moderate Amount,Quite a Bit,Somewhat,Somewhat,4 - Pretty well,5 - Very well,3 - Neutral,3 - Neutral,3 - Neutral,5 - Very well,4 - Pretty well,3 - Neutral,2 - Not very well,4 - Pretty well,4 - Pretty well,4 - Pretty well,4 - Pretty well,3 - Neutral,2 - Not very well,3 - Neutral,2 - Not very well,4 - Pretty well,4 - Pretty well,5 - Very well,3 - Neutral,3 - Neutral,4 - Pretty well,2 - Not very well,Rarely,Sometimes,Never,Sometimes,Rarely,Often,Never,Often,Often,Rarely,Often,Often,Rarely,Sometimes,Often,Never,Often,Rarely,Often,Never,Sometimes,Often,Never,Never,Agree,Strongly Agree,Neither Agree nor Disagree,Somewhat Disagree,Agree,Disagree,Strongly Disagree,Agree,Disagree,Agree,Agree,Disagree,83,86,25,27,29,18,22,12,36
2022-11-02 10:55:36,2022-11-02 11:02:52,IP Address,128.92.72.51,100,435,True,2022-11-02 11:02:53,R_sd0SgXsQbf46F7X,,,,,34.5251,-82.6307,anonymous,EN,20,Female,Married,White,Non-Hispanic,Very Much,Very Much,Not at All,Quite a Bit,Quite a Bit,Somewhat,Quite a Bit,Quite a Bit,Very Much,Somewhat,A Moderate Amount,A Moderate Amount,A Moderate Amount,Somewhat,Quite a Bit,Not at All,A Moderate Amount,Not at All,Quite a Bit,Not at All,Quite a Bit,Not at All,Somewhat,Quite a Bit,Not at All,Somewhat,Somewhat,Very Much,Very Much,Very Much,Quite a Bit,Quite a Bit,Somewhat,Not at All,Quite a Bit,Not at All,Not at All,4 - Pretty well,3 - Neutral,4 - Pretty well,2 - Not very well,4 - Pretty well,4 - Pretty well,4 - Pretty well,4 - Pretty well,4 - Pretty well,5 - Very well,4 - Pretty well,3 - Neutral,4 - Pretty well,3 - Neutral,4 - Pretty well,4 - Pretty well,4 - Pretty well,4 - Pretty well,4 - Pretty well,5 - Very well,4 - Pretty well,4 - Pretty well,4 - Pretty well,4 - Pretty well,Rarely,Rarely,Rarely,Often,Sometimes,Often,Never,Often,Often,Rarely,Often,Often,Often,Sometimes,Often,Never,Often,Rarely,Often,Rarely,Rarely,Often,Never,Rarely,Agree,Strongly Agree,Disagree,Disagree,Agree,Disagree,Disagree,Agree,Somewhat Disagree,Agree,Agree,Disagree,93,81,24,26,30,16,21,11,39
2022-11-02 10:55:53,2022-11-02 11:06:51,IP Address,107.77.237.71,100,658,True,2022-11-02 11:06:52,R_3qWrw4uyoGZqxtP,,,,,33.7485,-84.3871,anonymous,EN,21,Female,Married,White,Non-Hispanic,Very Much,Very Much,Somewhat,A Moderate Amount,Quite a Bit,Not at All,Very Much,Very Much,Very Much,Not at All,Quite a Bit,Very Much,A Moderate Amount,Quite a Bit,A Moderate Amount,Not at All,Very Much,Not at All,Very Much,Not at All,A Moderate Amount,Not at All,Very Much,Very Much,Somewhat,Very Much,Not at All,Very Much,Very Much,Very Much,Very Much,A Moderate Amount,A Moderate Amount,Very Much,Very Much,Not at All,Not at All,3 - Neutral,1 - Not at all,1 - Not at all,2 - Not very well,4 - Pretty well,5 - Very well,5 - Very well,2 - Not very well,1 - Not at all,4 - Pretty well,5 - Very well,5 - Very well,4 - Pretty well,1 - Not at all,2 - Not very well,4 - Pretty well,4 - Pretty well,2 - Not very well,4 - Pretty well,5 - Very well,4 - Pretty well,5 - Very well,5 - Very well,2 - Not very well,Rarely,Sometimes,Sometimes,Often,Often,Often,Sometimes,Rarely,Rarely,Never,Often,Often,Rarely,Never,Rarely,Rarely,Sometimes,Often,Rarely,Sometimes,Never,Often,Rarely,Sometimes,Somewhat Agree,Strongly Agree,Somewhat Agree,Disagree,Somewhat Agree,Disagree,Neither Agree nor Disagree,Agree,Somewhat Agree,Neither Agree nor Disagree,Somewhat Agree,Strongly Disagree,80,61,35,29,29,13,24,16,37
2022-11-02 11:01:43,2022-11-02 11:07:10,IP Address,174.203.220.94,100,326,True,2022-11-02 11:07:11,R_3PTumeRnby64ROA,,,,,35.1947,-80.744,anonymous,EN,21,Female,Married,White,Non-Hispanic,Very Much,Quite a Bit,Somewhat,Quite a Bit,Quite a Bit,Not at All,Very Much,Very Much,Quite a Bit,Somewhat,A Moderate Amount,Quite a Bit,Quite a Bit,Somewhat,Quite a Bit,Not at All,Very Much,Somewhat,A Moderate Amount,Not at All,A Moderate Amount,Not at All,A Moderate Amount,Quite a Bit,Somewhat,Quite a Bit,Not at All,Quite a Bit,A Moderate Amount,A Moderate Amount,Quite a Bit,Quite a Bit,Not at All,Somewhat,A Moderate Amount,Somewhat,Somewhat,4 - Pretty well,4 - Pretty well,4 - Pretty well,2 - Not very well,4 - Pretty well,4 - Pretty well,4 - Pretty well,5 - Very well,3 - Neutral,4 - Pretty well,5 - Very well,4 - Pretty well,4 - Pretty well,2 - Not very well,3 - Neutral,4 - Pretty well,4 - Pretty well,4 - Pretty well,4 - Pretty well,4 - Pretty well,3 - Neutral,5 - Very well,4 - Pretty well,4 - Pretty well,Sometimes,Never,Never,Often,Rarely,Often,Never,Often,Often,Rarely,Often,Often,Rarely,Often,Sometimes,Rarely,Often,Rarely,Often,Rarely,Sometimes,Often,Never,Rarely,Strongly Agree,Strongly Agree,Somewhat Disagree,Strongly Disagree,Strongly Agree,Strongly Disagree,Strongly Disagree,Strongly Agree,Somewhat Disagree,Strongly Agree,Strongly Agree,Disagree,92,85,17,26,27,16,23,13,32
2022-11-02 11:07:16,2022-11-02 11:14:03,IP Address,174.216.13.231,100,406,True,2022-11-02 11:14:04,R_2Po5oVBqdP1ve4s,,,,,35.1936,-80.6865,anonymous,EN,18,Female,Never married,White,Non-Hispanic,Not at All,Somewhat,A Moderate Amount,Somewhat,A Moderate Amount,A Moderate Amount,A Moderate Amount,Not at All,Somewhat,Very Much,Very Much,Not at All,Not at All,Very Much,Somewhat,Very Much,A Moderate Amount,A Moderate Amount,Quite a Bit,Very Much,Not at All,Not at All,Very Much,A Moderate Amount,Not at All,Very Much,Somewhat,Not at All,Somewhat,Not at All,Very Much,Very Much,Not at All,Very Much,A Moderate Amount,Very Much,Very Much,5 - Very well,4 - Pretty well,1 - Not at all,2 - Not very well,2 - Not very well,5 - Very well,2 - Not very well,5 - Very well,1 - Not at all,4 - Pretty well,5 - Very well,2 - Not very well,2 - Not very well,3 - Neutral,2 - Not very well,5 - Very well,4 - Pretty well,3 - Neutral,5 - Very well,5 - Very well,1 - Not at all,5 - Very well,3 - Neutral,1 - Not at all,Often,Sometimes,Often,Sometimes,Sometimes,Sometimes,Rarely,Sometimes,Sometimes,Rarely,Often,Sometimes,Often,Rarely,Rarely,Often,Sometimes,Sometimes,Sometimes,Sometimes,Never,Sometimes,Sometimes,Often,Agree,Somewhat Agree,Somewhat Agree,Somewhat Agree,Somewhat Agree,Strongly Agree,Agree,Somewhat Disagree,Somewhat Agree,Agree,Somewhat Agree,Agree,77,54,52,13,15,5,12,21,20
2022-11-02 11:05:33,2022-11-02 11:19:44,IP Address,128.92.72.101,100,851,True,2022-11-02 11:19:45,R_1KqXZji5klb6098,,,,,34.5251,-82.6307,anonymous,EN,19,Male,Never married,White,Non-Hispanic,Very Much,Very Much,Somewhat,Very Much,Very Much,Not at All,Very Much,Quite a Bit,Very Much,A Moderate Amount,A Moderate Amount,Quite a Bit,Very Much,A Moderate Amount,Very Much,A Moderate Amount,Very Much,Not at All,Somewhat,Not at All,A Moderate Amount,Not at All,Quite a Bit,Quite a Bit,Somewhat,Very Much,Not at All,Very Much,Very Much,Quite a Bit,Quite a Bit,Quite a Bit,Not at All,Quite a Bit,Very Much,Not at All,Somewhat,5 - Very well,4 - Pretty well,4 - Pretty well,2 - Not very well,4 - Pretty well,5 - Very well,5 - Very well,5 - Very well,4 - Pretty well,5 - Very well,5 - Very well,3 - Neutral,4 - Pretty well,4 - Pretty well,5 - Very well,5 - Very well,5 - Very well,2 - Not very well,4 - Pretty well,5 - Very well,3 - Neutral,5 - Very well,4 - Pretty well,3 - Neutral,Rarely,Never,Never,Sometimes,Never,Often,Never,Often,Often,Never,Often,Often,Rarely,Sometimes,Sometimes,Rarely,Often,Rarely,Often,Rarely,Sometimes,Often,Never,Rarely,Strongly Agree,Strongly Agree,Disagree,Disagree,Agree,Disagree,Strongly Disagree,Agree,Disagree,Agree,Agree,Disagree,100,86,21,23,27,17,23,12,37
2022-11-02 12:14:49,2022-11-02 12:26:58,IP Address,128.92.72.51,100,729,True,2022-11-02 12:26:59,R_3MuPVJE9PXrldBp,,,,,34.5251,-82.6307,anonymous,EN,18,Female,Married,White,Non-Hispanic,Quite a Bit,Very Much,Not at All,Quite a Bit,,Somewhat,Very Much,Quite a Bit,A Moderate Amount,Quite a Bit,Somewhat,Quite a Bit,Quite a Bit,Somewhat,Quite a Bit,Not at All,A Moderate Amount,Somewhat,Very Much,Not at All,Quite a Bit,Not at All,Quite a Bit,Quite a Bit,Quite a Bit,A Moderate Amount,Somewhat,Somewhat,Somewhat,Somewhat,Very Much,A Moderate Amount,Not at All,Quite a Bit,,Not at All,A Moderate Amount,5 - Very well,5 - Very well,2 - Not very well,2 - Not very well,4 - Pretty well,5 - Very well,3 - Neutral,4 - Pretty well,5 - Very well,1 - Not at all,3 - Neutral,4 - Pretty well,5 - Very well,3 - Neutral,2 - Not very well,3 - Neutral,3 - Neutral,5 - Very well,3 - Neutral,5 - Very well,5 - Very well,4 - Pretty well,4 - Pretty well,5 - Very well,Often,Never,Sometimes,,Sometimes,Sometimes,Never,Sometimes,Sometimes,Often,Rarely,Sometimes,Never,Rarely,,Rarely,Often,Often,Sometimes,Often,Often,Sometimes,Never,Sometimes,Agree,Agree,Strongly Disagree,Somewhat Agree,Agree,Strongly Disagree,Disagree,Agree,Strongly Disagree,Agree,Agree,Disagree,90,59,24,28,25,15,17,16,26
2022-11-02 12:26:28,2022-11-02 12:34:46,IP Address,128.92.72.51,100,498,True,2022-11-02 12:34:47,R_3GuKShxSf8utTUw,,,,,34.5251,-82.6307,anonymous,EN,19,Male,Married,White,Non-Hispanic,Very Much,Very Much,Not at All,Very Much,Very Much,A Moderate Amount,Very Much,Very Much,Very Much,Not at All,Not at All,Very Much,Very Much,Quite a Bit,Not at All,Not at All,Very Much,Somewhat,Very Much,Not at All,Very Much,Not at All,Very Much,Very Much,Not at All,Not at All,Somewhat,Very Much,Very Much,Very Much,Very Much,Quite a Bit,A Moderate Amount,A Moderate Amount,A Moderate Amount,Not at All,Not at All,5 - Very well,5 - Very well,5 - Very well,3 - Neutral,4 - Pretty well,4 - Pretty well,3 - Neutral,4 - Pretty well,4 - Pretty well,4 - Pretty well,5 - Very well,5 - Very well,4 - Pretty well,3 - Neutral,4 - Pretty well,3 - Neutral,5 - Very well,5 - Very well,5 - Very well,5 - Very well,5 - Very well,5 - Very well,5 - Very well,5 - Very well,Never,Never,Never,Never,Never,Sometimes,Never,Often,Often,Rarely,Often,Often,Rarely,Often,Often,Never,Often,Sometimes,Often,Never,Sometimes,Often,Never,Never,Strongly Agree,Strongly Agree,Strongly Disagree,Strongly Disagree,Strongly Agree,Strongly Disagree,Strongly Disagree,Strongly Agree,Strongly Disagree,Strongly Agree,Strongly Agree,Strongly Disagree,105,87,12,30,35,17,24,17,36
2022-11-02 12:56:50,2022-11-02 13:02:32,IP Address,128.92.72.51,100,342,True,2022-11-02 13:02:33,R_23dkNggf5TUEIjs,,,,,34.5251,-82.6307,anonymous,EN,20,Female,Married,White,Non-Hispanic,Somewhat,Quite a Bit,Not at All,Somewhat,Not at All,Very Much,Quite a Bit,A Moderate Amount,Quite a Bit,Very Much,Very Much,A Moderate Amount,Somewhat,Very Much,A Moderate Amount,Not at All,Quite a Bit,Very Much,Very Much,A Moderate Amount,Somewhat,Somewhat,Quite a Bit,Not at All,Somewhat,Very Much,Quite a Bit,Somewhat,Very Much,A Moderate Amount,Very Much,Very Much,Very Much,A Moderate Amount,Somewhat,Quite a Bit,Quite a Bit,3 - Neutral,2 - Not very well,2 - Not very well,2 - Not very well,2 - Not very well,2 - Not very well,4 - Pretty well,2 - Not very well,2 - Not very well,2 - Not very well,4 - Pretty well,2 - Not very well,4 - Pretty well,2 - Not very well,2 - Not very well,4 - Pretty well,3 - Neutral,5 - Very well,4 - Pretty well,4 - Pretty well,2 - Not very well,4 - Pretty well,2 - Not very well,1 - Not at all,Often,Sometimes,Rarely,Sometimes,Often,Sometimes,Never,Sometimes,Rarely,Often,Rarely,Often,Sometimes,Sometimes,Sometimes,Sometimes,Sometimes,Often,Sometimes,Often,Sometimes,Sometimes,Sometimes,Often,Somewhat Disagree,Somewhat Agree,Agree,Somewhat Agree,Somewhat Disagree,Neither Agree nor Disagree,Somewhat Agree,Somewhat Agree,Somewhat Agree,Somewhat Agree,Somewhat Agree,Somewhat Disagree,66,56,50,24,20,7,10,24,24
2022-11-02 13:09:39,2022-11-02 13:19:53,IP Address,128.92.72.51,100,614,True,2022-11-02 13:19:54,R_RUYgc8hA3DvoqoV,,,,,34.5251,-82.6307,anonymous,EN,19,Male,Married,White,Non-Hispanic,Quite a Bit,Very Much,Not at All,Quite a Bit,A Moderate Amount,Somewhat,Quite a Bit,A Moderate Amount,Quite a Bit,Somewhat,Somewhat,Quite a Bit,Quite a Bit,Not at All,Quite a Bit,Not at All,Quite a Bit,Not at All,A Moderate Amount,Not at All,A Moderate Amount,Not at All,A Moderate Amount,A Moderate Amount,Somewhat,Quite a Bit,Somewhat,Quite a Bit,Quite a Bit,Quite a Bit,Quite a Bit,Quite a Bit,Not at All,Somewhat,Quite a Bit,Somewhat,Somewhat,4 - Pretty well,5 - Very well,2 - Not very well,1 - Not at all,4 - Pretty well,4 - Pretty well,2 - Not very well,4 - Pretty well,5 - Very well,3 - Neutral,4 - Pretty well,2 - Not very well,4 - Pretty well,2 - Not very well,3 - Neutral,2 - Not very well,4 - Pretty well,2 - Not very well,4 - Pretty well,4 - Pretty well,2 - Not very well,4 - Pretty well,4 - Pretty well,3 - Neutral,Sometimes,Sometimes,Rarely,Sometimes,Sometimes,Often,Never,Sometimes,Often,Rarely,Sometimes,Often,Sometimes,Often,Often,Rarely,Often,Rarely,Sometimes,Never,Sometimes,Often,Never,Sometimes,Somewhat Agree,Strongly Agree,Somewhat Agree,Somewhat Disagree,Agree,Strongly Disagree,Strongly Disagree,Agree,Somewhat Agree,Somewhat Agree,Agree,Disagree,78,77,30,25,27,17,18,12,35
2022-11-02 13:28:52,2022-11-02 13:34:35,IP Address,128.92.72.51,100,343,True,2022-11-02 13:34:36,R_24tL3pZlGpElGFe,,,,,34.5251,-82.6307,anonymous,EN,18,Female,Married,White,Non-Hispanic,Very Much,Very Much,Somewhat,Quite a Bit,Quite a Bit,Somewhat,Very Much,Very Much,Very Much,Somewhat,Somewhat,Quite a Bit,Very Much,Somewhat,Very Much,Quite a Bit,Very Much,Somewhat,A Moderate Amount,Not at All,A Moderate Amount,Not at All,Quite a Bit,Quite a Bit,A Moderate Amount,Quite a Bit,Somewhat,Quite a Bit,Quite a Bit,Quite a Bit,Quite a Bit,Quite a Bit,Somewhat,A Moderate Amount,Quite a Bit,A Moderate Amount,Somewhat,3 - Neutral,4 - Pretty well,4 - Pretty well,4 - Pretty well,4 - Pretty well,4 - Pretty well,3 - Neutral,3 - Neutral,3 - Neutral,5 - Very well,4 - Pretty well,4 - Pretty well,3 - Neutral,4 - Pretty well,4 - Pretty well,3 - Neutral,3 - Neutral,4 - Pretty well,4 - Pretty well,4 - Pretty well,4 - Pretty well,3 - Neutral,4 - Pretty well,3 - Neutral,Sometimes,Never,Never,Sometimes,Rarely,Sometimes,Never,Sometimes,Sometimes,Sometimes,Sometimes,Sometimes,Rarely,Sometimes,Sometimes,Never,Often,Sometimes,Sometimes,Sometimes,Sometimes,Sometimes,Never,Sometimes,Agree,Agree,Neither Agree nor Disagree,Disagree,Agree,Strongly Disagree,Strongly Disagree,Agree,Disagree,Agree,Agree,Disagree,88,73,24,23,29,17,22,14,32
2022-11-02 13:30:29,2022-11-02 13:36:51,IP Address,128.92.72.51,100,381,True,2022-11-02 13:36:52,R_1QlLBsQ5xnXGmAl,,,,,34.5251,-82.6307,anonymous,EN,18,Female,Never married,White,Hispanic,Somewhat,Quite a Bit,Not at All,A Moderate Amount,A Moderate Amount,A Moderate Amount,Quite a Bit,Quite a Bit,A Moderate Amount,A Moderate Amount,Very Much,Quite a Bit,Somewhat,Quite a Bit,A Moderate Amount,Not at All,A Moderate Amount,A Moderate Amount,Very Much,Not at All,Somewhat,Somewhat,Quite a Bit,A Moderate Amount,Somewhat,Quite a Bit,Not at All,Not at All,Somewhat,Not at All,Very Much,Very Much,Not at All,Somewhat,Quite a Bit,Somewhat,Very Much,4 - Pretty well,4 - Pretty well,3 - Neutral,4 - Pretty well,3 - Neutral,5 - Very well,4 - Pretty well,4 - Pretty well,2 - Not very well,4 - Pretty well,4 - Pretty well,4 - Pretty well,4 - Pretty well,3 - Neutral,2 - Not very well,4 - Pretty well,4 - Pretty well,5 - Very well,4 - Pretty well,5 - Very well,4 - Pretty well,5 - Very well,4 - Pretty well,2 - Not very well,Often,Sometimes,Rarely,Never,Rarely,Often,Never,Often,Often,Often,Often,Sometimes,Never,Sometimes,Sometimes,Never,Often,Rarely,Sometimes,Sometimes,Sometimes,Often,Never,Sometimes,Strongly Agree,Strongly Agree,Disagree,Disagree,Strongly Agree,Somewhat Agree,Strongly Disagree,Agree,Disagree,Strongly Agree,Strongly Agree,Strongly Disagree,91,73,20,25,21,8,20,20,27
2022-11-02 13:30:44,2022-11-02 13:39:19,IP Address,128.92.72.51,100,515,True,2022-11-02 13:39:20,R_24hLzcdagd6SLeA,,,,,34.5251,-82.6307,anonymous,EN,19,Female,Separated,White,Non-Hispanic,A Moderate Amount,Very Much,Somewhat,A Moderate Amount,Quite a Bit,Not at All,Quite a Bit,A Moderate Amount,Quite a Bit,Somewhat,Quite a Bit,Somewhat,Somewhat,A Moderate Amount,Quite a Bit,A Moderate Amount,Very Much,Not at All,A Moderate Amount,A Moderate Amount,A Moderate Amount,Not at All,A Moderate Amount,Somewhat,Very Much,A Moderate Amount,A Moderate Amount,Quite a Bit,A Moderate Amount,Quite a Bit,Very Much,Very Much,Somewhat,Very Much,A Moderate Amount,Quite a Bit,Quite a Bit,4 - Pretty well,3 - Neutral,2 - Not very well,2 - Not very well,1 - Not at all,3 - Neutral,4 - Pretty well,3 - Neutral,2 - Not very well,4 - Pretty well,3 - Neutral,2 - Not very well,3 - Neutral,4 - Pretty well,2 - Not very well,3 - Neutral,3 - Neutral,3 - Neutral,3 - Neutral,3 - Neutral,1 - Not at all,5 - Very well,3 - Neutral,1 - Not at all,Sometimes,Sometimes,Often,Sometimes,Often,Sometimes,Sometimes,Sometimes,Never,Often,Sometimes,Sometimes,Sometimes,Sometimes,Rarely,Sometimes,Rarely,Often,Sometimes,Sometimes,Never,Sometimes,Sometimes,Often,Neither Agree nor Disagree,Agree,Somewhat Agree,Agree,Somewhat Agree,Disagree,Neither Agree nor Disagree,Somewhat Agree,Disagree,Somewhat Agree,Agree,Neither Agree nor Disagree,67,49,40,19,29,10,15,16,27
2022-11-02 13:30:35,2022-11-02 13:39:53,IP Address,172.58.250.86,100,557,True,2022-11-02 13:39:54,R_rfEYOPW2VW7LVYt,,,,,35.2296,-80.843,anonymous,EN,18,Female,Married,White,Non-Hispanic,Very Much,Very Much,Not at All,Very Much,Quite a Bit,Somewhat,Very Much,Very Much,Quite a Bit,Somewhat,Somewhat,Very Much,Very Much,Not at All,Quite a Bit,Not at All,Very Much,Not at All,Very Much,Not at All,Very Much,Not at All,A Moderate Amount,Quite a Bit,Not at All,Somewhat,Not at All,Quite a Bit,A Moderate Amount,Somewhat,Somewhat,A Moderate Amount,Not at All,Not at All,Quite a Bit,Not at All,Somewhat,4 - Pretty well,4 - Pretty well,2 - Not very well,4 - Pretty well,4 - Pretty well,5 - Very well,4 - Pretty well,4 - Pretty well,4 - Pretty well,4 - Pretty well,4 - Pretty well,4 - Pretty well,4 - Pretty well,1 - Not at all,3 - Neutral,4 - Pretty well,4 - Pretty well,4 - Pretty well,4 - Pretty well,4 - Pretty well,3 - Neutral,4 - Pretty well,5 - Very well,3 - Neutral,Sometimes,Sometimes,Rarely,Sometimes,Sometimes,Often,Never,Often,Sometimes,Rarely,Sometimes,Often,Sometimes,Often,Often,Rarely,Often,Rarely,Sometimes,Sometimes,Sometimes,Often,Never,Sometimes,Strongly Agree,Strongly Agree,Disagree,Strongly Disagree,Agree,Strongly Disagree,Strongly Disagree,Agree,Strongly Disagree,Agree,Agree,Strongly Disagree,90,75,17,30,32,19,23,11,33
2022-11-02 13:53:39,2022-11-02 13:58:40,IP Address,128.92.72.51,100,300,True,2022-11-02 13:58:41,R_xtGgI9iwrdAa65z,,,,,34.5251,-82.6307,anonymous,EN,18,Female,Divorced,White,Non-Hispanic,A Moderate Amount,Very Much,Not at All,A Moderate Amount,A Moderate Amount,A Moderate Amount,A Moderate Amount,Very Much,Very Much,Very Much,A Moderate Amount,Quite a Bit,Very Much,Very Much,A Moderate Amount,Not at All,A Moderate Amount,Somewhat,Very Much,Somewhat,Very Much,Not at All,Very Much,Very Much,Somewhat,Quite a Bit,Not at All,Very Much,Very Much,Very Much,Very Much,A Moderate Amount,Not at All,A Moderate Amount,A Moderate Amount,A Moderate Amount,Not at All,5 - Very well,5 - Very well,5 - Very well,3 - Neutral,5 - Very well,5 - Very well,5 - Very well,5 - Very well,3 - Neutral,2 - Not very well,5 - Very well,3 - Neutral,3 - Neutral,1 - Not at all,5 - Very well,3 - Neutral,5 - Very well,5 - Very well,3 - Neutral,5 - Very well,5 - Very well,3 - Neutral,4 - Pretty well,5 - Very well,Sometimes,Sometimes,Sometimes,Often,Sometimes,Often,Never,Sometimes,Sometimes,Sometimes,Sometimes,Sometimes,Sometimes,Sometimes,Sometimes,Never,Often,Sometimes,Sometimes,Rarely,Often,Often,Never,Sometimes,Strongly Agree,Strongly Agree,Strongly Disagree,Strongly Disagree,Strongly Agree,Strongly Disagree,Strongly Disagree,Strongly Agree,Strongly Disagree,Strongly Agree,Strongly Agree,Strongly Disagree,98,72,12,25,26,14,22,18,37
2022-11-02 14:11:46,2022-11-02 14:18:54,IP Address,174.203.249.10,100,427,True,2022-11-02 14:18:54,R_aeBzTTe8L4fl9IJ,,,,,35.2522,-80.8263,anonymous,EN,18,Female,Married,White,,Very Much,Very Much,A Moderate Amount,A Moderate Amount,Somewhat,Somewhat,Very Much,Quite a Bit,Quite a Bit,Somewhat,Quite a Bit,Quite a Bit,Very Much,Somewhat,Very Much,Not at All,Quite a Bit,Somewhat,Very Much,Not at All,Very Much,Not at All,Very Much,Somewhat,Quite a Bit,Very Much,Somewhat,Very Much,Very Much,Somewhat,Very Much,Very Much,Somewhat,Not at All,Very Much,Not at All,A Moderate Amount,2 - Not very well,5 - Very well,2 - Not very well,2 - Not very well,2 - Not very well,5 - Very well,4 - Pretty well,4 - Pretty well,1 - Not at all,2 - Not very well,4 - Pretty well,1 - Not at all,2 - Not very well,3 - Neutral,2 - Not very well,4 - Pretty well,5 - Very well,4 - Pretty well,4 - Pretty well,5 - Very well,2 - Not very well,4 - Pretty well,5 - Very well,1 - Not at all,Often,Sometimes,Rarely,Rarely,Often,Sometimes,Never,Sometimes,Rarely,Often,Sometimes,Sometimes,Often,Often,Sometimes,Sometimes,Sometimes,Often,Often,Sometimes,Never,Sometimes,Never,Often,Strongly Agree,Strongly Agree,Disagree,Disagree,Agree,Disagree,Somewhat Disagree,Strongly Agree,Disagree,Strongly Agree,Strongly Agree,Disagree,75,57,20,27,28,15,17,18,37
2022-11-02 14:20:25,2022-11-02 14:28:03,IP Address,174.210.75.224,100,458,True,2022-11-02 14:28:04,R_2uJKPJW3eObZMGy,,,,,35.2426,-80.741,anonymous,EN,19,Female,Married,White,Non-Hispanic,Quite a Bit,Very Much,Somewhat,Somewhat,A Moderate Amount,Not at All,Quite a Bit,Somewhat,Very Much,Not at All,Somewhat,Quite a Bit,A Moderate Amount,Somewhat,Very Much,Not at All,Very Much,Not at All,Very Much,Not at All,A Moderate Amount,Not at All,Quite a Bit,Quite a Bit,Not at All,Very Much,Not at All,Quite a Bit,Somewhat,A Moderate Amount,Somewhat,Quite a Bit,Not at All,Very Much,Quite a Bit,Somewhat,Somewhat,4 - Pretty well,3 - Neutral,5 - Very well,3 - Neutral,4 - Pretty well,4 - Pretty well,3 - Neutral,4 - Pretty well,3 - Neutral,4 - Pretty well,3 - Neutral,5 - Very well,3 - Neutral,5 - Very well,5 - Very well,3 - Neutral,5 - Very well,5 - Very well,4 - Pretty well,3 - Neutral,5 - Very well,4 - Pretty well,4 - Pretty well,4 - Pretty well,Sometimes,Sometimes,Rarely,Sometimes,Sometimes,Sometimes,Never,Sometimes,Sometimes,Never,Sometimes,Often,Rarely,Sometimes,Sometimes,Never,Sometimes,Often,Often,Sometimes,Sometimes,Sometimes,Never,Often,Somewhat Agree,Agree,Somewhat Agree,Neither Agree nor Disagree,Somewhat Disagree,Disagree,Somewhat Disagree,Somewhat Agree,Neither Agree nor Disagree,Neither Agree nor Disagree,Somewhat Agree,Agree,95,70,44,26,29,13,19,10,27
2022-11-02 14:36:47,2022-11-02 14:44:10,IP Address,128.92.72.51,100,442,True,2022-11-02 14:44:11,R_3MLlP57NhgeZKXD,,,,,34.5251,-82.6307,anonymous,EN,20,Male,Never married,White,Non-Hispanic,Quite a Bit,Quite a Bit,Somewhat,Quite a Bit,A Moderate Amount,Somewhat,Quite a Bit,A Moderate Amount,Very Much,Quite a Bit,A Moderate Amount,Quite a Bit,Quite a Bit,Somewhat,Quite a Bit,Somewhat,A Moderate Amount,Not at All,Quite a Bit,Somewhat,Very Much,Somewhat,A Moderate Amount,Somewhat,Quite a Bit,,A Moderate Amount,Somewhat,A Moderate Amount,Very Much,Quite a Bit,Very Much,Quite a Bit,A Moderate Amount,Quite a Bit,Somewhat,Somewhat,4 - Pretty well,2 - Not very well,1 - Not at all,2 - Not very well,2 - Not very well,3 - Neutral,2 - Not very well,3 - Neutral,5 - Very well,4 - Pretty well,2 - Not very well,1 - Not at all,1 - Not at all,2 - Not very well,2 - Not very well,2 - Not very well,5 - Very well,4 - Pretty well,3 - Neutral,3 - Neutral,1 - Not at all,2 - Not very well,3 - Neutral,1 - Not at all,Often,Often,Often,Sometimes,Sometimes,Sometimes,Often,Rarely,Rarely,Often,Rarely,Rarely,Sometimes,Rarely,Rarely,Often,Rarely,Sometimes,Rarely,Sometimes,Rarely,Rarely,Often,Often,Somewhat Agree,Somewhat Agree,Neither Agree nor Disagree,Somewhat Agree,Somewhat Disagree,Disagree,Neither Agree nor Disagree,Neither Agree nor Disagree,Somewhat Agree,Somewhat Disagree,Neither Agree nor Disagree,Agree,60,42,50,24,23,16,15,15,28
2022-11-02 14:56:21,2022-11-02 15:01:45,IP Address,128.92.72.51,100,324,True,2022-11-02 15:01:46,R_3sb3oxWS8WTRRUT,,,,,34.5251,-82.6307,anonymous,EN,18,Male,Married,White,,Very Much,Very Much,Somewhat,Quite a Bit,Quite a Bit,Not at All,Very Much,Very Much,Very Much,Not at All,Quite a Bit,Very Much,Very Much,Quite a Bit,Very Much,Not at All,Very Much,Not at All,A Moderate Amount,Not at All,Very Much,Not at All,Quite a Bit,Quite a Bit,Not at All,Very Much,Not at All,Very Much,Very Much,Not at All,Very Much,Quite a Bit,Not at All,A Moderate Amount,Very Much,Not at All,Very Much,4 - Pretty well,5 - Very well,5 - Very well,4 - Pretty well,4 - Pretty well,4 - Pretty well,5 - Very well,4 - Pretty well,4 - Pretty well,4 - Pretty well,4 - Pretty well,4 - Pretty well,4 - Pretty well,2 - Not very well,5 - Very well,4 - Pretty well,4 - Pretty well,2 - Not very well,4 - Pretty well,4 - Pretty well,4 - Pretty well,4 - Pretty well,4 - Pretty well,4 - Pretty well,Rarely,Sometimes,Sometimes,Often,Sometimes,Often,Never,Often,Often,Never,Sometimes,Often,Sometimes,Often,Often,Never,Often,Rarely,Often,Sometimes,Rarely,Often,Never,Sometimes,Somewhat Agree,Strongly Agree,Disagree,Disagree,Agree,Strongly Disagree,Strongly Disagree,Agree,Disagree,Agree,Agree,Strongly Disagree,96,79,21,27,31,12,23,12,36
2022-11-02 14:55:30,2022-11-02 15:06:25,IP Address,128.92.72.51,100,654,True,2022-11-02 15:06:26,R_3gL3PTQ3twL65kG,,,,,34.5251,-82.6307,anonymous,EN,18,Female,Married,White,Non-Hispanic,Somewhat,Somewhat,A Moderate Amount,A Moderate Amount,Quite a Bit,A Moderate Amount,A Moderate Amount,A Moderate Amount,A Moderate Amount,A Moderate Amount,Quite a Bit,A Moderate Amount,Not at All,A Moderate Amount,Somewhat,Somewhat,Somewhat,Somewhat,A Moderate Amount,Somewhat,Somewhat,Somewhat,A Moderate Amount,Somewhat,A Moderate Amount,Quite a Bit,Quite a Bit,A Moderate Amount,Somewhat,Somewhat,Very Much,Somewhat,Not at All,Quite a Bit,Somewhat,Quite a Bit,Quite a Bit,3 - Neutral,2 - Not very well,3 - Neutral,2 - Not very well,2 - Not very well,3 - Neutral,3 - Neutral,3 - Neutral,3 - Neutral,3 - Neutral,4 - Pretty well,3 - Neutral,2 - Not very well,1 - Not at all,2 - Not very well,3 - Neutral,3 - Neutral,2 - Not very well,3 - Neutral,3 - Neutral,2 - Not very well,2 - Not very well,3 - Neutral,2 - Not very well,Sometimes,Sometimes,Rarely,Sometimes,Sometimes,Rarely,Rarely,Sometimes,Sometimes,Often,Sometimes,Sometimes,Often,Rarely,Sometimes,Rarely,Sometimes,Often,Rarely,Sometimes,Rarely,Sometimes,Rarely,Often,Somewhat Disagree,Somewhat Agree,Somewhat Agree,Somewhat Agree,Neither Agree nor Disagree,Somewhat Disagree,Somewhat Agree,Neither Agree nor Disagree,Agree,Somewhat Disagree,Somewhat Disagree,Disagree,62,56,52,18,18,9,15,19,27
2022-11-02 14:59:11,2022-11-02 15:11:49,IP Address,128.92.72.101,100,757,True,2022-11-02 15:11:50,R_308fQCG9PWr8Flh,,,,,34.5251,-82.6307,anonymous,EN,20,Male,Married,White,Non-Hispanic,A Moderate Amount,Quite a Bit,A Moderate Amount,A Moderate Amount,Somewhat,A Moderate Amount,Quite a Bit,A Moderate Amount,Somewhat,Somewhat,Quite a Bit,Quite a Bit,Somewhat,Not at All,Somewhat,Not at All,Quite a Bit,Somewhat,Quite a Bit,Somewhat,A Moderate Amount,Not at All,A Moderate Amount,Not at All,Somewhat,A Moderate Amount,Somewhat,A Moderate Amount,Somewhat,A Moderate Amount,Not at All,Somewhat,Not at All,Quite a Bit,Very Much,A Moderate Amount,A Moderate Amount,4 - Pretty well,3 - Neutral,2 - Not very well,2 - Not very well,4 - Pretty well,3 - Neutral,2 - Not very well,4 - Pretty well,4 - Pretty well,5 - Very well,5 - Very well,4 - Pretty well,3 - Neutral,3 - Neutral,3 - Neutral,3 - Neutral,3 - Neutral,2 - Not very well,3 - Neutral,2 - Not very well,3 - Neutral,3 - Neutral,4 - Pretty well,4 - Pretty well,Rarely,Never,Sometimes,Often,Rarely,Often,Never,Rarely,Sometimes,Never,Sometimes,Sometimes,Never,Rarely,Sometimes,Never,Sometimes,Rarely,Rarely,Never,Sometimes,Sometimes,Never,Sometimes,Somewhat Disagree,Neither Agree nor Disagree,Agree,Disagree,Somewhat Agree,Somewhat Disagree,Disagree,Somewhat Agree,Disagree,Neither Agree nor Disagree,Agree,Somewhat Agree,78,76,41,23,25,13,14,18,28
2022-11-07 09:55:43,2022-11-07 10:02:27,IP Address,128.92.72.51,100,403,True,2022-11-07 10:02:27,R_D6rQRVJ7qZx8OmR,,,,,34.5251,-82.6307,anonymous,EN,19,Female,Married,White,Non-Hispanic,A Moderate Amount,A Moderate Amount,Not at All,A Moderate Amount,Somewhat,Quite a Bit,Quite a Bit,Somewhat,Quite a Bit,Quite a Bit,Very Much,Quite a Bit,A Moderate Amount,A Moderate Amount,Quite a Bit,Somewhat,A Moderate Amount,Quite a Bit,Quite a Bit,A Moderate Amount,A Moderate Amount,Not at All,Very Much,Quite a Bit,Very Much,Quite a Bit,Very Much,Quite a Bit,A Moderate Amount,Quite a Bit,Quite a Bit,Very Much,Somewhat,Very Much,Very Much,Very Much,Very Much,4 - Pretty well,4 - Pretty well,2 - Not very well,2 - Not very well,2 - Not very well,4 - Pretty well,2 - Not very well,4 - Pretty well,3 - Neutral,4 - Pretty well,4 - Pretty well,2 - Not very well,2 - Not very well,4 - Pretty well,4 - Pretty well,4 - Pretty well,3 - Neutral,5 - Very well,4 - Pretty well,4 - Pretty well,2 - Not very well,4 - Pretty well,4 - Pretty well,2 - Not very well,Sometimes,Never,Never,Sometimes,Rarely,Sometimes,Never,Sometimes,Sometimes,Sometimes,Sometimes,Often,Sometimes,Sometimes,Sometimes,Rarely,Sometimes,Rarely,Sometimes,Rarely,Sometimes,Sometimes,Never,Sometimes,Agree,Agree,Somewhat Disagree,Neither Agree nor Disagree,Agree,Disagree,Disagree,Agree,Somewhat Disagree,Somewhat Disagree,Agree,Somewhat Disagree,79,73,32,24,22,10,12,25,27
2022-11-07 09:59:56,2022-11-07 10:06:35,IP Address,128.92.72.51,100,399,True,2022-11-07 10:06:36,R_2q1v1iYW7qUrlFs,,,,,34.5251,-82.6307,anonymous,EN,20,Female,Married,White,Non-Hispanic,Quite a Bit,Very Much,A Moderate Amount,A Moderate Amount,Somewhat,Quite a Bit,Very Much,Quite a Bit,Very Much,Not at All,Very Much,Quite a Bit,A Moderate Amount,Quite a Bit,A Moderate Amount,Not at All,Quite a Bit,Quite a Bit,Very Much,Somewhat,Somewhat,Not at All,Very Much,Somewhat,Very Much,Very Much,Very Much,Quite a Bit,A Moderate Amount,Very Much,Quite a Bit,Very Much,Not at All,Somewhat,A Moderate Amount,Somewhat,Somewhat,4 - Pretty well,2 - Not very well,3 - Neutral,2 - Not very well,1 - Not at all,3 - Neutral,4 - Pretty well,2 - Not very well,1 - Not at all,5 - Very well,4 - Pretty well,2 - Not very well,2 - Not very well,1 - Not at all,3 - Neutral,5 - Very well,2 - Not very well,5 - Very well,5 - Very well,4 - Pretty well,2 - Not very well,5 - Very well,4 - Pretty well,1 - Not at all,Often,Sometimes,Often,Sometimes,Sometimes,Often,Never,Rarely,Rarely,Often,Sometimes,Sometimes,Rarely,Often,Rarely,Sometimes,Often,Often,Never,Rarely,Sometimes,Rarely,Rarely,Often,Disagree,Agree,Strongly Agree,Strongly Agree,Somewhat Disagree,Somewhat Disagree,Strongly Agree,Somewhat Agree,Somewhat Agree,Neither Agree nor Disagree,Neither Agree nor Disagree,Somewhat Disagree,72,57,56,26,27,12,13,26,33
2022-11-07 10:04:34,2022-11-07 10:08:49,IP Address,128.92.72.51,100,254,True,2022-11-07 10:08:50,R_0jQiqzW2UqNC4Zb,,,,,34.5251,-82.6307,anonymous,EN,20,Female,Married,White,Non-Hispanic,Very Much,Very Much,Very Much,A Moderate Amount,Quite a Bit,A Moderate Amount,Quite a Bit,Quite a Bit,Quite a Bit,A Moderate Amount,A Moderate Amount,Very Much,A Moderate Amount,Somewhat,Quite a Bit,Not at All,Quite a Bit,Quite a Bit,Very Much,Not at All,Quite a Bit,Not at All,Very Much,Somewhat,A Moderate Amount,Very Much,Not at All,Very Much,Very Much,Very Much,Very Much,Quite a Bit,Quite a Bit,Not at All,Very Much,Quite a Bit,A Moderate Amount,4 - Pretty well,4 - Pretty well,3 - Neutral,4 - Pretty well,3 - Neutral,4 - Pretty well,4 - Pretty well,2 - Not very well,2 - Not very well,3 - Neutral,4 - Pretty well,3 - Neutral,2 - Not very well,3 - Neutral,3 - Neutral,5 - Very well,4 - Pretty well,3 - Neutral,4 - Pretty well,5 - Very well,3 - Neutral,4 - Pretty well,3 - Neutral,1 - Not at all,Sometimes,Sometimes,Rarely,Often,Sometimes,Often,Never,Often,Often,Sometimes,Often,Often,Never,Often,Often,Never,Often,Sometimes,Rarely,Sometimes,Rarely,Often,Never,Sometimes,Agree,Strongly Agree,Disagree,Strongly Disagree,Agree,Strongly Disagree,Strongly Disagree,Strongly Agree,Neither Agree nor Disagree,Strongly Agree,Strongly Agree,Strongly Disagree,80,77,18,25,26,13,20,20,36
2022-11-07 10:21:46,2022-11-07 10:29:13,IP Address,128.92.72.101,100,447,True,2022-11-07 10:29:14,R_2TGif2w3cFxXqPr,,,,,34.5251,-82.6307,anonymous,EN,20,Female,Married,White,Non-Hispanic,A Moderate Amount,Quite a Bit,Somewhat,A Moderate Amount,A Moderate Amount,Quite a Bit,Quite a Bit,Quite a Bit,Quite a Bit,Somewhat,Somewhat,Quite a Bit,Quite a Bit,Somewhat,A Moderate Amount,Not at All,Quite a Bit,Somewhat,Quite a Bit,Somewhat,Quite a Bit,Not at All,Somewhat,Quite a Bit,Somewhat,Somewhat,Somewhat,A Moderate Amount,Somewhat,Somewhat,Somewhat,A Moderate Amount,Not at All,Somewhat,Somewhat,Somewhat,Somewhat,3 - Neutral,2 - Not very well,2 - Not very well,2 - Not very well,2 - Not very well,4 - Pretty well,4 - Pretty well,4 - Pretty well,4 - Pretty well,4 - Pretty well,4 - Pretty well,2 - Not very well,3 - Neutral,2 - Not very well,3 - Neutral,3 - Neutral,4 - Pretty well,3 - Neutral,4 - Pretty well,4 - Pretty well,3 - Neutral,4 - Pretty well,4 - Pretty well,2 - Not very well,Sometimes,Rarely,Rarely,Sometimes,Rarely,Often,Never,Often,Often,Sometimes,Often,Often,Sometimes,Often,Often,Rarely,Often,Sometimes,Often,Never,Sometimes,Often,Never,Sometimes,Agree,Strongly Agree,Somewhat Disagree,Neither Agree nor Disagree,Agree,Disagree,Disagree,Agree,Disagree,Agree,Agree,Disagree,76,80,26,24,29,15,19,15,27
2022-11-07 12:14:41,2022-11-07 12:22:19,IP Address,128.92.72.51,100,458,True,2022-11-07 12:22:20,R_2rONyCN78CaVGbV,,,,,34.5251,-82.6307,anonymous,EN,19,Male,Never married,White,Non-Hispanic,Quite a Bit,Very Much,Not at All,Somewhat,Somewhat,Somewhat,Quite a Bit,Very Much,A Moderate Amount,Somewhat,A Moderate Amount,Very Much,A Moderate Amount,Somewhat,Somewhat,Not at All,Quite a Bit,Somewhat,A Moderate Amount,Not at All,Somewhat,Not at All,Somewhat,A Moderate Amount,A Moderate Amount,Very Much,Not at All,Somewhat,Somewhat,Not at All,Quite a Bit,Somewhat,Not at All,Quite a Bit,A Moderate Amount,Somewhat,Not at All,3 - Neutral,5 - Very well,2 - Not very well,2 - Not very well,4 - Pretty well,5 - Very well,2 - Not very well,5 - Very well,4 - Pretty well,5 - Very well,4 - Pretty well,3 - Neutral,5 - Very well,4 - Pretty well,2 - Not very well,4 - Pretty well,4 - Pretty well,3 - Neutral,4 - Pretty well,5 - Very well,3 - Neutral,4 - Pretty well,3 - Neutral,2 - Not very well,Sometimes,Never,Rarely,Often,Never,Often,Rarely,Often,Often,Rarely,Often,Sometimes,Sometimes,Often,Often,Rarely,Often,Often,Sometimes,Rarely,Often,Often,Sometimes,Rarely,Somewhat Agree,Agree,Somewhat Agree,Neither Agree nor Disagree,Somewhat Agree,Somewhat Agree,Somewhat Disagree,Somewhat Agree,Somewhat Disagree,Neither Agree nor Disagree,Agree,Disagree,87,79,39,26,24,14,20,16,27
2022-11-07 13:02:55,2022-11-07 13:11:26,IP Address,128.92.72.51,100,511,True,2022-11-07 13:11:27,R_1LGtvjyV6tqmLTM,,,,,34.5251,-82.6307,anonymous,EN,18,Female,Never married,White,Non-Hispanic,Very Much,Very Much,Somewhat,Very Much,Very Much,Not at All,Very Much,Very Much,Quite a Bit,Not at All,Somewhat,Very Much,Very Much,Not at All,Very Much,Not at All,Very Much,Not at All,Quite a Bit,Not at All,Very Much,Not at All,Quite a Bit,Quite a Bit,Somewhat,Somewhat,Not at All,Very Much,Very Much,Quite a Bit,A Moderate Amount,Very Much,Somewhat,Quite a Bit,Quite a Bit,Not at All,Somewhat,5 - Very well,4 - Pretty well,4 - Pretty well,3 - Neutral,4 - Pretty well,5 - Very well,4 - Pretty well,5 - Very well,3 - Neutral,4 - Pretty well,4 - Pretty well,3 - Neutral,5 - Very well,4 - Pretty well,4 - Pretty well,4 - Pretty well,4 - Pretty well,3 - Neutral,4 - Pretty well,5 - Very well,2 - Not very well,4 - Pretty well,3 - Neutral,2 - Not very well,Often,Sometimes,Never,Sometimes,Sometimes,Often,Rarely,Often,Rarely,Often,Rarely,Often,Rarely,Often,Sometimes,Never,Sometimes,Never,Sometimes,Never,Sometimes,Sometimes,Rarely,Never,Agree,Strongly Agree,Neither Agree nor Disagree,Disagree,Agree,Strongly Disagree,Somewhat Disagree,Strongly Agree,Disagree,Agree,Agree,Strongly Disagree,92,73,23,28,33,19,24,11,33
2022-11-07 13:16:40,2022-11-07 13:25:09,IP Address,128.92.72.51,100,509,True,2022-11-07 13:25:11,R_1NxFQxJ3J9Lvb3V,,,,,34.5251,-82.6307,anonymous,EN,18,Female,Never married,White,Non-Hispanic,Very Much,Very Much,Not at All,Very Much,A Moderate Amount,A Moderate Amount,Very Much,Quite a Bit,Quite a Bit,A Moderate Amount,Very Much,Quite a Bit,Quite a Bit,Somewhat,Quite a Bit,Somewhat,Somewhat,A Moderate Amount,Quite a Bit,Somewhat,A Moderate Amount,Not at All,Very Much,Quite a Bit,Somewhat,Somewhat,Somewhat,Quite a Bit,Quite a Bit,Quite a Bit,Quite a Bit,Very Much,Somewhat,A Moderate Amount,Quite a Bit,Somewhat,A Moderate Amount,4 - Pretty well,4 - Pretty well,4 - Pretty well,3 - Neutral,2 - Not very well,4 - Pretty well,4 - Pretty well,4 - Pretty well,2 - Not very well,5 - Very well,4 - Pretty well,3 - Neutral,4 - Pretty well,3 - Neutral,4 - Pretty well,4 - Pretty well,3 - Neutral,4 - Pretty well,4 - Pretty well,4 - Pretty well,4 - Pretty well,4 - Pretty well,5 - Very well,4 - Pretty well,Sometimes,Rarely,Rarely,Often,Sometimes,Sometimes,Never,Sometimes,Often,Sometimes,Often,Sometimes,Rarely,Often,Sometimes,Rarely,Sometimes,Never,Sometimes,Never,Often,Often,Never,Never,Agree,Agree,Disagree,Disagree,Agree,Disagree,Strongly Disagree,Strongly Agree,Disagree,Agree,Strongly Agree,Disagree,90,80,21,27,26,16,19,20,32
2022-11-07 13:27:43,2022-11-07 13:35:18,IP Address,128.92.72.51,100,454,True,2022-11-07 13:35:19,R_3I6sbGhktUsrhXi,,,,,34.5251,-82.6307,anonymous,EN,18,Male,Married,White,Non-Hispanic,Very Much,Very Much,Not at All,Very Much,Very Much,Not at All,Very Much,Very Much,Very Much,A Moderate Amount,Somewhat,Very Much,Very Much,Not at All,Very Much,Not at All,Very Much,Not at All,Very Much,Not at All,Very Much,Not at All,A Moderate Amount,Very Much,A Moderate Amount,A Moderate Amount,Not at All,Very Much,Very Much,Very Much,Somewhat,Quite a Bit,Not at All,Somewhat,Not at All,A Moderate Amount,A Moderate Amount,1 - Not at all,4 - Pretty well,2 - Not very well,1 - Not at all,4 - Pretty well,2 - Not very well,2 - Not very well,2 - Not very well,4 - Pretty well,3 - Neutral,2 - Not very well,5 - Very well,2 - Not very well,2 - Not very well,2 - Not very well,3 - Neutral,4 - Pretty well,4 - Pretty well,2 - Not very well,4 - Pretty well,5 - Very well,2 - Not very well,4 - Pretty well,4 - Pretty well,Sometimes,Sometimes,Sometimes,Often,Rarely,Often,Never,Sometimes,Sometimes,Rarely,Sometimes,Often,Sometimes,Often,Often,Rarely,Sometimes,Sometimes,Often,Rarely,Rarely,Often,Never,Rarely,Somewhat Agree,Strongly Agree,Somewhat Agree,Somewhat Agree,Agree,Strongly Disagree,Neither Agree nor Disagree,Agree,Neither Agree nor Disagree,Agree,Agree,Strongly Disagree,70,75,32,30,31,18,25,11,32
2022-11-07 13:28:45,2022-11-07 13:36:02,IP Address,128.92.72.51,100,437,True,2022-11-07 13:36:03,R_23W670YQU98ah1B,,,,,34.5251,-82.6307,anonymous,EN,20,Male,Married,White,Non-Hispanic,A Moderate Amount,Very Much,Not at All,Quite a Bit,Very Much,Not at All,Very Much,Very Much,Very Much,Very Much,Very Much,Very Much,Very Much,Not at All,Very Much,A Moderate Amount,Very Much,Not at All,Very Much,A Moderate Amount,A Moderate Amount,Not at All,Very Much,Very Much,A Moderate Amount,Very Much,Not at All,Very Much,Very Much,Very Much,Very Much,Very Much,Not at All,Very Much,Very Much,Not at All,Somewhat,5 - Very well,4 - Pretty well,5 - Very well,5 - Very well,5 - Very well,5 - Very well,2 - Not very well,4 - Pretty well,5 - Very well,5 - Very well,5 - Very well,5 - Very well,5 - Very well,5 - Very well,5 - Very well,3 - Neutral,5 - Very well,2 - Not very well,5 - Very well,5 - Very well,5 - Very well,4 - Pretty well,5 - Very well,5 - Very well,Never,Never,Never,Never,Never,Often,Never,Sometimes,Sometimes,Never,Rarely,Often,Never,Never,Often,Never,Often,Often,Often,Rarely,Often,Often,Never,Never,Strongly Agree,Strongly Agree,Strongly Disagree,Strongly Disagree,Strongly Agree,Strongly Disagree,Strongly Disagree,Strongly Agree,Strongly Disagree,Strongly Agree,Strongly Agree,Strongly Disagree,109,82,12,26,25,18,23,16,37
2022-11-07 13:55:35,2022-11-07 14:01:33,IP Address,174.235.33.219,100,357,True,2022-11-07 14:01:34,R_1mIyVQyWQNIA8Us,,,,,34.0021,-81.0423,anonymous,EN,19,Female,Married,White,Non-Hispanic,Quite a Bit,Quite a Bit,Somewhat,A Moderate Amount,Very Much,Not at All,Quite a Bit,Very Much,Very Much,Not at All,A Moderate Amount,A Moderate Amount,Somewhat,Somewhat,Very Much,Not at All,Very Much,Not at All,Quite a Bit,Not at All,Quite a Bit,Not at All,A Moderate Amount,Very Much,Quite a Bit,Quite a Bit,Not at All,Very Much,Very Much,Very Much,Very Much,A Moderate Amount,Not at All,Very Much,A Moderate Amount,Somewhat,A Moderate Amount,4 - Pretty well,3 - Neutral,5 - Very well,3 - Neutral,1 - Not at all,4 - Pretty well,4 - Pretty well,2 - Not very well,4 - Pretty well,5 - Very well,5 - Very well,5 - Very well,5 - Very well,1 - Not at all,5 - Very well,5 - Very well,5 - Very well,3 - Neutral,5 - Very well,4 - Pretty well,3 - Neutral,5 - Very well,5 - Very well,3 - Neutral,Rarely,Never,Never,Rarely,Never,Often,Never,Often,Often,Rarely,Often,Often,Never,Often,Often,Never,Often,Rarely,Often,Never,Often,Often,Never,Rarely,Somewhat Agree,Somewhat Agree,Neither Agree nor Disagree,Disagree,Strongly Agree,Disagree,Disagree,Strongly Agree,Disagree,Agree,Agree,Disagree,94,90,26,24,30,12,25,13,36
2022-11-07 14:01:40,2022-11-07 14:10:39,IP Address,128.92.72.51,100,539,True,2022-11-07 14:10:40,R_1j6OQyTVt9L0OMa,,,,,34.5251,-82.6307,anonymous,EN,18,Male,Married,White,Non-Hispanic,Quite a Bit,Very Much,Somewhat,Quite a Bit,A Moderate Amount,Somewhat,Quite a Bit,Quite a Bit,Quite a Bit,Somewhat,A Moderate Amount,Quite a Bit,A Moderate Amount,Not at All,Quite a Bit,Somewhat,Very Much,Somewhat,Quite a Bit,Not at All,Very Much,Not at All,A Moderate Amount,A Moderate Amount,Somewhat,Quite a Bit,Somewhat,Very Much,Quite a Bit,A Moderate Amount,Quite a Bit,A Moderate Amount,Not at All,Very Much,A Moderate Amount,Somewhat,Somewhat,4 - Pretty well,2 - Not very well,2 - Not very well,3 - Neutral,2 - Not very well,3 - Neutral,4 - Pretty well,3 - Neutral,2 - Not very well,4 - Pretty well,4 - Pretty well,3 - Neutral,4 - Pretty well,2 - Not very well,4 - Pretty well,4 - Pretty well,3 - Neutral,4 - Pretty well,4 - Pretty well,5 - Very well,2 - Not very well,5 - Very well,4 - Pretty well,2 - Not very well,Sometimes,Sometimes,Sometimes,Often,Sometimes,Often,Rarely,Sometimes,Rarely,Rarely,Sometimes,Sometimes,Rarely,Sometimes,Sometimes,Sometimes,Sometimes,Sometimes,Rarely,Sometimes,Rarely,Sometimes,Rarely,Sometimes,Somewhat Agree,Agree,Somewhat Agree,Somewhat Disagree,Neither Agree nor Disagree,Disagree,Somewhat Agree,Somewhat Disagree,Somewhat Agree,Agree,Agree,Strongly Disagree,79,63,39,24,30,16,19,14,32
2022-11-07 14:04:20,2022-11-07 14:13:58,IP Address,172.58.155.7,100,578,True,2022-11-07 14:13:59,R_3Lb8IsCJI7oDokQ,,,,,35.2296,-80.843,anonymous,EN,18,Female,Married,White,Non-Hispanic,Quite a Bit,Quite a Bit,A Moderate Amount,A Moderate Amount,Somewhat,A Moderate Amount,Very Much,A Moderate Amount,Quite a Bit,Somewhat,A Moderate Amount,Quite a Bit,Not at All,Somewhat,A Moderate Amount,Not at All,A Moderate Amount,Somewhat,Very Much,Not at All,A Moderate Amount,Somewhat,Very Much,Not at All,A Moderate Amount,Somewhat,Somewhat,Quite a Bit,Somewhat,Very Much,Very Much,Very Much,Somewhat,Quite a Bit,A Moderate Amount,A Moderate Amount,Quite a Bit,2 - Not very well,2 - Not very well,4 - Pretty well,2 - Not very well,3 - Neutral,2 - Not very well,3 - Neutral,3 - Neutral,3 - Neutral,2 - Not very well,4 - Pretty well,2 - Not very well,3 - Neutral,1 - Not at all,3 - Neutral,4 - Pretty well,2 - Not very well,2 - Not very well,4 - Pretty well,4 - Pretty well,2 - Not very well,4 - Pretty well,4 - Pretty well,2 - Not very well,Often,Sometimes,Sometimes,Often,Sometimes,Often,Never,Sometimes,Sometimes,Often,Sometimes,Sometimes,Often,Often,Sometimes,Sometimes,Often,Sometimes,Rarely,Often,Rarely,Sometimes,Never,Sometimes,Somewhat Disagree,Strongly Agree,Somewhat Agree,Somewhat Agree,Somewhat Disagree,Disagree,Somewhat Agree,Somewhat Agree,Agree,Somewhat Agree,Somewhat Agree,Disagree,67,62,45,26,26,10,15,19,29
2022-11-07 14:23:33,2022-11-07 14:28:21,IP Address,128.92.72.51,100,287,True,2022-11-07 14:28:23,R_2uEh3uVAsiC4sxo,,,,,34.5251,-82.6307,anonymous,EN,19,Female,Married,White,Non-Hispanic,Very Much,Very Much,Not at All,Very Much,Quite a Bit,Not at All,Very Much,Very Much,Very Much,Not at All,A Moderate Amount,Very Much,Very Much,Not at All,Very Much,Not at All,Very Much,Not at All,Quite a Bit,Not at All,Quite a Bit,Not at All,Somewhat,A Moderate Amount,Quite a Bit,A Moderate Amount,Not at All,Very Much,Very Much,Very Much,Very Much,Very Much,Somewhat,Somewhat,A Moderate Amount,Not at All,Somewhat,4 - Pretty well,4 - Pretty well,2 - Not very well,4 - Pretty well,4 - Pretty well,5 - Very well,5 - Very well,4 - Pretty well,3 - Neutral,5 - Very well,5 - Very well,3 - Neutral,5 - Very well,2 - Not very well,2 - Not very well,4 - Pretty well,4 - Pretty well,4 - Pretty well,5 - Very well,5 - Very well,4 - Pretty well,4 - Pretty well,4 - Pretty well,2 - Not very well,Rarely,Rarely,Rarely,Often,Rarely,Often,Never,Often,Often,Sometimes,Often,Often,Rarely,Often,Often,Never,Often,Rarely,Often,Never,Rarely,Often,Never,Rarely,Strongly Agree,Strongly Agree,Strongly Disagree,Strongly Disagree,Strongly Agree,Strongly Disagree,Strongly Disagree,Strongly Agree,Strongly Disagree,Agree,Strongly Agree,Strongly Disagree,93,85,13,29,32,19,22,12,37
2022-11-07 14:22:35,2022-11-07 14:29:56,IP Address,128.92.72.51,100,441,True,2022-11-07 14:29:57,R_3Pcz3hNHGjPGeMS,,,,,34.5251,-82.6307,anonymous,EN,19,Male,Married,White,Non-Hispanic,Quite a Bit,Quite a Bit,Somewhat,Somewhat,Very Much,Not at All,Very Much,Very Much,Very Much,Not at All,Not at All,Very Much,Very Much,A Moderate Amount,Very Much,Not at All,Very Much,Not at All,Somewhat,Not at All,Quite a Bit,Not at All,Not at All,Very Much,Not at All,Somewhat,Not at All,A Moderate Amount,Somewhat,A Moderate Amount,A Moderate Amount,A Moderate Amount,A Moderate Amount,Very Much,Quite a Bit,Somewhat,Not at All,4 - Pretty well,5 - Very well,4 - Pretty well,3 - Neutral,4 - Pretty well,5 - Very well,4 - Pretty well,5 - Very well,5 - Very well,5 - Very well,5 - Very well,5 - Very well,4 - Pretty well,5 - Very well,4 - Pretty well,3 - Neutral,4 - Pretty well,2 - Not very well,4 - Pretty well,5 - Very well,4 - Pretty well,5 - Very well,4 - Pretty well,5 - Very well,Rarely,Never,Never,Sometimes,Sometimes,Sometimes,Never,Sometimes,Sometimes,Never,Often,Sometimes,Never,Rarely,Sometimes,Never,Often,Sometimes,,Rarely,Often,Often,Never,Never,Agree,Strongly Agree,Disagree,Somewhat Disagree,Strongly Agree,Strongly Disagree,Strongly Disagree,Strongly Agree,Disagree,Strongly Agree,Strongly Agree,Somewhat Disagree,103,78,19,25,32,15,25,6,26
2022-11-07 14:26:38,2022-11-07 14:32:42,IP Address,174.203.240.167,100,364,True,2022-11-07 14:32:43,R_2tLPIXQwSqF7Utg,,,,,35.2296,-80.843,anonymous,EN,18,Female,Married,White,Non-Hispanic,Very Much,Very Much,A Moderate Amount,A Moderate Amount,Quite a Bit,Not at All,Very Much,Quite a Bit,Very Much,Somewhat,A Moderate Amount,A Moderate Amount,A Moderate Amount,A Moderate Amount,Very Much,Not at All,A Moderate Amount,Not at All,A Moderate Amount,Somewhat,Quite a Bit,Somewhat,Somewhat,Somewhat,Not at All,Somewhat,Not at All,Somewhat,Somewhat,A Moderate Amount,A Moderate Amount,Very Much,A Moderate Amount,Somewhat,Not at All,Somewhat,Not at All,5 - Very well,5 - Very well,2 - Not very well,1 - Not at all,2 - Not very well,4 - Pretty well,2 - Not very well,5 - Very well,2 - Not very well,2 - Not very well,3 - Neutral,1 - Not at all,3 - Neutral,4 - Pretty well,3 - Neutral,3 - Neutral,3 - Neutral,5 - Very well,2 - Not very well,2 - Not very well,1 - Not at all,4 - Pretty well,1 - Not at all,3 - Neutral,Often,Sometimes,Sometimes,Sometimes,Sometimes,Sometimes,Never,Never,Sometimes,Often,Rarely,Sometimes,Never,Rarely,Sometimes,Sometimes,Sometimes,Often,Often,Never,Sometimes,Often,Sometimes,Often,Neither Agree nor Disagree,Neither Agree nor Disagree,Agree,Somewhat Agree,Disagree,Agree,Neither Agree nor Disagree,Disagree,Somewhat Agree,Somewhat Disagree,Neither Agree nor Disagree,Disagree,68,60,57,24,29,14,19,9,23
2022-11-07 14:24:02,2022-11-07 14:34:25,IP Address,128.92.72.51,100,622,True,2022-11-07 14:34:26,R_1OWd7fss7LuELqL,,,,,34.5251,-82.6307,anonymous,EN,18,Female,Divorced,White,Non-Hispanic,Very Much,Very Much,Not at All,Very Much,Quite a Bit,Not at All,Very Much,Very Much,A Moderate Amount,Not at All,Somewhat,A Moderate Amount,Somewhat,Not at All,Quite a Bit,Not at All,Very Much,Not at All,Very Much,Not at All,A Moderate Amount,Not at All,A Moderate Amount,A Moderate Amount,Not at All,A Moderate Amount,Not at All,Very Much,Very Much,Quite a Bit,Very Much,Quite a Bit,Not at All,Very Much,Very Much,Not at All,Very Much,4 - Pretty well,2 - Not very well,4 - Pretty well,2 - Not very well,3 - Neutral,5 - Very well,2 - Not very well,4 - Pretty well,2 - Not very well,5 - Very well,5 - Very well,5 - Very well,3 - Neutral,1 - Not at all,3 - Neutral,3 - Neutral,4 - Pretty well,3 - Neutral,4 - Pretty well,5 - Very well,3 - Neutral,3 - Neutral,3 - Neutral,2 - Not very well,Sometimes,Never,Rarely,Often,Sometimes,Often,Never,Often,Often,Sometimes,Sometimes,Often,Rarely,Often,Often,Rarely,Often,Rarely,Often,Sometimes,Sometimes,Often,Rarely,Rarely,Strongly Agree,Strongly Agree,Strongly Disagree,Strongly Disagree,Strongly Agree,Strongly Disagree,Strongly Disagree,Strongly Agree,Strongly Disagree,Strongly Agree,Strongly Agree,Strongly Disagree,80,80,12,28,29,13,22,10,37
